airportcode,passengers2019,quarter,fareinflationadj,winter,spring,summer,fall,northeast,midwest,south,west
LAX," 1,401,452 ",1,446.50,1,0,0,0,0,0,0,1
ORD," 1,118,136 ",1,425.45,1,0,0,0,0,1,0,0
DEN," 1,035,031 ",1,368.62,1,0,0,0,0,0,0,1
ATL," 980,434 ",1,464.88,1,0,0,0,0,0,1,0
BOS," 935,978 ",1,426.99,1,0,0,0,1,0,0,0
SFO," 912,366 ",1,462.67,1,0,0,0,0,0,0,1
SEA," 902,901 ",1,400.03,1,0,0,0,0,0,0,1
EWR," 849,241 ",1,517.30,1,0,0,0,1,0,0,0
DFW," 819,377 ",1,463.02,1,0,0,0,0,0,1,0
JFK," 760,592 ",1,480.22,1,0,0,0,1,0,0,0
LGA," 720,310 ",1,423.42,1,0,0,0,1,0,0,0
MCO," 709,887 ",1,340.18,1,0,0,0,0,0,1,0
PHX," 701,600 ",1,391.13,1,0,0,0,0,0,0,1
MSP," 644,236 ",1,487.12,1,0,0,0,0,1,0,0
LAS," 631,585 ",1,284.61,1,0,0,0,0,0,0,1
PHL," 607,992 ",1,467.78,1,0,0,0,1,0,0,0
SAN," 568,746 ",1,400.40,1,0,0,0,0,0,0,1
DTW," 565,317 ",1,464.08,1,0,0,0,0,1,0,0
FLL," 536,275 ",1,319.06,1,0,0,0,0,0,1,0
BWI," 536,148 ",1,365.73,1,0,0,0,0,0,1,0
DCA," 516,863 ",1,405.54,1,0,0,0,0,0,1,0
IAH," 498,139 ",1,508.83,1,0,0,0,0,0,1,0
PDX," 481,330 ",1,401.95,1,0,0,0,0,0,0,1
TPA," 452,816 ",1,361.69,1,0,0,0,0,0,1,0
AUS," 412,378 ",1,429.19,1,0,0,0,0,0,1,0
SLC," 391,333 ",1,437.16,1,0,0,0,0,0,0,1
CLT," 386,574 ",1,506.97,1,0,0,0,0,0,1,0
SJC," 384,362 ",1,355.30,1,0,0,0,0,0,0,1
RDU," 364,230 ",1,431.47,1,0,0,0,0,0,1,0
MIA," 353,159 ",1,463.92,1,0,0,0,0,0,1,0
SMF," 353,135 ",1,403.36,1,0,0,0,0,0,0,1
BNA," 351,195 ",1,424.31,1,0,0,0,0,0,1,0
MDW," 339,365 ",1,348.24,1,0,0,0,0,1,0,0
OAK," 330,576 ",1,320.25,1,0,0,0,0,0,0,1
STL," 315,638 ",1,418.61,1,0,0,0,0,1,0,0
MCI," 299,998 ",1,418.89,1,0,0,0,0,1,0,0
HNL," 295,221 ",1,389.94,1,0,0,0,0,0,0,1
IAD," 283,462 ",1,501.33,1,0,0,0,0,0,1,0
DAL," 279,833 ",1,305.84,1,0,0,0,0,0,1,0
CLE," 275,412 ",1,420.50,1,0,0,0,0,1,0,0
MSY," 267,473 ",1,375.28,1,0,0,0,0,0,1,0
IND," 266,197 ",1,438.58,1,0,0,0,0,1,0,0
PIT," 264,483 ",1,432.50,1,0,0,0,1,0,0,0
SNA," 253,110 ",1,412.14,1,0,0,0,0,0,0,1
CVG," 250,926 ",1,511.64,1,0,0,0,0,1,0,0
SAT," 238,614 ",1,442.02,1,0,0,0,0,0,1,0
HOU," 235,116 ",1,370.75,1,0,0,0,0,0,1,0
CMH," 231,767 ",1,452.97,1,0,0,0,0,1,0,0
BDL," 206,307 ",1,425.31,1,0,0,0,1,0,0,0
SJU," 200,811 ",1,379.91,1,0,0,0,0,0,1,0
MKE," 196,915 ",1,404.74,1,0,0,0,0,1,0,0
RSW," 178,463 ",1,350.23,1,0,0,0,0,0,1,0
JAX," 172,463 ",1,423.53,1,0,0,0,0,0,1,0
BUR," 167,487 ",1,309.55,1,0,0,0,0,0,0,1
PBI," 158,587 ",1,382.09,1,0,0,0,0,0,1,0
ONT," 157,682 ",1,380.30,1,0,0,0,0,0,0,1
BUF," 144,958 ",1,380.03,1,0,0,0,1,0,0,0
OMA," 140,073 ",1,447.44,1,0,0,0,0,1,0,0
ABQ," 128,946 ",1,416.71,1,0,0,0,0,0,0,1
RIC," 126,251 ",1,456.61,1,0,0,0,0,0,1,0
MEM," 124,411 ",1,484.31,1,0,0,0,0,0,1,0
PVD," 117,256 ",1,382.60,1,0,0,0,1,0,0,0
OKC," 117,098 ",1,465.14,1,0,0,0,0,0,1,0
BOI," 112,882 ",1,418.71,1,0,0,0,0,0,0,1
ORF," 109,959 ",1,488.26,1,0,0,0,0,0,1,0
GRR," 108,277 ",1,460.23,1,0,0,0,0,1,0,0
SDF," 107,604 ",1,461.03,1,0,0,0,0,0,1,0
GEG," 107,090 ",1,398.29,1,0,0,0,0,0,0,1
CHS," 106,675 ",1,434.44,1,0,0,0,0,0,1,0
ANC," 106,205 ",1,591.72,1,0,0,0,0,0,0,1
RNO," 101,528 ",1,393.59,1,0,0,0,0,0,0,1
LGB," 99,852 ",1,263.38,1,0,0,0,0,0,0,1
OGG," 99,815 ",1,340.62,1,0,0,0,0,0,0,1
ELP," 97,152 ",1,440.34,1,0,0,0,0,0,1,0
TUS," 96,391 ",1,440.97,1,0,0,0,0,0,0,1
ALB," 89,018 ",1,471.83,1,0,0,0,1,0,0,0
DSM," 83,986 ",1,453.06,1,0,0,0,0,1,0,0
BHM," 83,344 ",1,473.62,1,0,0,0,0,0,1,0
TUL," 81,978 ",1,478.08,1,0,0,0,0,0,1,0
SYR," 77,477 ",1,472.74,1,0,0,0,1,0,0,0
ROC," 76,097 ",1,431.99,1,0,0,0,1,0,0,0
GSP," 68,771 ",1,468.92,1,0,0,0,0,0,1,0
MSN," 67,555 ",1,572.89,1,0,0,0,0,1,0,0
TYS," 65,985 ",1,522.09,1,0,0,0,0,0,1,0
LIT," 59,997 ",1,483.36,1,0,0,0,0,0,1,0
KOA," 58,932 ",1,343.29,1,0,0,0,0,0,0,1
PWM," 58,841 ",1,460.51,1,0,0,0,1,0,0,0
SAV," 58,711 ",1,507.73,1,0,0,0,0,0,1,0
GSO," 56,458 ",1,503.56,1,0,0,0,0,0,1,0
HPN," 55,315 ",1,450.24,1,0,0,0,1,0,0,0
SFB," 52,979 ",1,128.79,1,0,0,0,0,0,1,0
PNS," 51,668 ",1,499.10,1,0,0,0,0,0,1,0
LIH," 50,998 ",1,305.05,1,0,0,0,0,0,0,1
FAT," 50,668 ",1,477.47,1,0,0,0,0,0,0,1
MHT," 50,192 ",1,412.30,1,0,0,0,1,0,0,0
ICT," 49,142 ",1,440.47,1,0,0,0,0,1,0,0
DAY," 46,771 ",1,471.78,1,0,0,0,0,1,0,0
XNA," 46,289 ",1,564.00,1,0,0,0,0,0,1,0
ISP," 46,103 ",1,344.51,1,0,0,0,1,0,0,0
PIE," 44,522 ",1,126.23,1,0,0,0,0,0,1,0
LAX," 1,401,452 ",2,450.93,0,1,0,0,0,0,0,1
ORD," 1,118,136 ",2,409.13,0,1,0,0,0,1,0,0
DEN," 1,035,031 ",2,365.64,0,1,0,0,0,0,0,1
ATL," 980,434 ",2,432.29,0,1,0,0,0,0,1,0
BOS," 935,978 ",2,421.90,0,1,0,0,1,0,0,0
SFO," 912,366 ",2,477.87,0,1,0,0,0,0,0,1
SEA," 902,901 ",2,404.83,0,1,0,0,0,0,0,1
EWR," 849,241 ",2,517.44,0,1,0,0,1,0,0,0
DFW," 819,377 ",2,441.51,0,1,0,0,0,0,1,0
JFK," 760,592 ",2,471.58,0,1,0,0,1,0,0,0
LGA," 720,310 ",2,416.83,0,1,0,0,1,0,0,0
MCO," 709,887 ",2,321.30,0,1,0,0,0,0,1,0
PHX," 701,600 ",2,388.81,0,1,0,0,0,0,0,1
MSP," 644,236 ",2,471.44,0,1,0,0,0,1,0,0
LAS," 631,585 ",2,276.01,0,1,0,0,0,0,0,1
PHL," 607,992 ",2,451.17,0,1,0,0,1,0,0,0
SAN," 568,746 ",2,407.40,0,1,0,0,0,0,0,1
DTW," 565,317 ",2,463.10,0,1,0,0,0,1,0,0
FLL," 536,275 ",2,293.71,0,1,0,0,0,0,1,0
BWI," 536,148 ",2,362.20,0,1,0,0,0,0,1,0
DCA," 516,863 ",2,401.29,0,1,0,0,0,0,1,0
IAH," 498,139 ",2,494.29,0,1,0,0,0,0,1,0
PDX," 481,330 ",2,402.28,0,1,0,0,0,0,0,1
TPA," 452,816 ",2,347.96,0,1,0,0,0,0,1,0
AUS," 412,378 ",2,408.90,0,1,0,0,0,0,1,0
SLC," 391,333 ",2,427.89,0,1,0,0,0,0,0,1
CLT," 386,574 ",2,495.44,0,1,0,0,0,0,1,0
SJC," 384,362 ",2,379.59,0,1,0,0,0,0,0,1
RDU," 364,230 ",2,425.50,0,1,0,0,0,0,1,0
MIA," 353,159 ",2,406.37,0,1,0,0,0,0,1,0
SMF," 353,135 ",2,412.86,0,1,0,0,0,0,0,1
BNA," 351,195 ",2,426.85,0,1,0,0,0,0,1,0
MDW," 339,365 ",2,338.22,0,1,0,0,0,1,0,0
OAK," 330,576 ",2,341.85,0,1,0,0,0,0,0,1
STL," 315,638 ",2,412.40,0,1,0,0,0,1,0,0
MCI," 299,998 ",2,408.14,0,1,0,0,0,1,0,0
HNL," 295,221 ",2,439.45,0,1,0,0,0,0,0,1
IAD," 283,462 ",2,490.66,0,1,0,0,0,0,1,0
DAL," 279,833 ",2,307.39,0,1,0,0,0,0,1,0
CLE," 275,412 ",2,401.54,0,1,0,0,0,1,0,0
MSY," 267,473 ",2,374.28,0,1,0,0,0,0,1,0
IND," 266,197 ",2,418.67,0,1,0,0,0,1,0,0
PIT," 264,483 ",2,423.73,0,1,0,0,1,0,0,0
SNA," 253,110 ",2,422.39,0,1,0,0,0,0,0,1
CVG," 250,926 ",2,472.11,0,1,0,0,0,1,0,0
SAT," 238,614 ",2,439.64,0,1,0,0,0,0,1,0
HOU," 235,116 ",2,377.97,0,1,0,0,0,0,1,0
CMH," 231,767 ",2,442.68,0,1,0,0,0,1,0,0
BDL," 206,307 ",2,440.93,0,1,0,0,1,0,0,0
SJU," 200,811 ",2,369.16,0,1,0,0,0,0,1,0
MKE," 196,915 ",2,392.19,0,1,0,0,0,1,0,0
RSW," 178,463 ",2,348.58,0,1,0,0,0,0,1,0
JAX," 172,463 ",2,420.62,0,1,0,0,0,0,1,0
BUR," 167,487 ",2,320.79,0,1,0,0,0,0,0,1
PBI," 158,587 ",2,359.94,0,1,0,0,0,0,1,0
ONT," 157,682 ",2,390.58,0,1,0,0,0,0,0,1
BUF," 144,958 ",2,352.21,0,1,0,0,1,0,0,0
OMA," 140,073 ",2,439.96,0,1,0,0,0,1,0,0
ABQ," 128,946 ",2,417.86,0,1,0,0,0,0,0,1
RIC," 126,251 ",2,474.47,0,1,0,0,0,0,1,0
MEM," 124,411 ",2,452.88,0,1,0,0,0,0,1,0
PVD," 117,256 ",2,409.90,0,1,0,0,1,0,0,0
OKC," 117,098 ",2,460.11,0,1,0,0,0,0,1,0
BOI," 112,882 ",2,412.63,0,1,0,0,0,0,0,1
ORF," 109,959 ",2,494.78,0,1,0,0,0,0,1,0
GRR," 108,277 ",2,463.65,0,1,0,0,0,1,0,0
SDF," 107,604 ",2,477.28,0,1,0,0,0,0,1,0
GEG," 107,090 ",2,420.25,0,1,0,0,0,0,0,1
CHS," 106,675 ",2,437.27,0,1,0,0,0,0,1,0
ANC," 106,205 ",2,503.64,0,1,0,0,0,0,0,1
RNO," 101,528 ",2,388.01,0,1,0,0,0,0,0,1
LGB," 99,852 ",2,278.11,0,1,0,0,0,0,0,1
OGG," 99,815 ",2,361.50,0,1,0,0,0,0,0,1
ELP," 97,152 ",2,450.01,0,1,0,0,0,0,1,0
TUS," 96,391 ",2,439.35,0,1,0,0,0,0,0,1
ALB," 89,018 ",2,475.63,0,1,0,0,1,0,0,0
DSM," 83,986 ",2,425.99,0,1,0,0,0,1,0,0
BHM," 83,344 ",2,478.57,0,1,0,0,0,0,1,0
TUL," 81,978 ",2,461.86,0,1,0,0,0,0,1,0
SYR," 77,477 ",2,460.76,0,1,0,0,1,0,0,0
ROC," 76,097 ",2,423.89,0,1,0,0,1,0,0,0
GSP," 68,771 ",2,458.95,0,1,0,0,0,0,1,0
MSN," 67,555 ",2,567.77,0,1,0,0,0,1,0,0
TYS," 65,985 ",2,508.74,0,1,0,0,0,0,1,0
LIT," 59,997 ",2,481.76,0,1,0,0,0,0,1,0
KOA," 58,932 ",2,361.56,0,1,0,0,0,0,0,1
PWM," 58,841 ",2,461.90,0,1,0,0,1,0,0,0
SAV," 58,711 ",2,492.56,0,1,0,0,0,0,1,0
GSO," 56,458 ",2,508.53,0,1,0,0,0,0,1,0
HPN," 55,315 ",2,427.49,0,1,0,0,1,0,0,0
SFB," 52,979 ",2,111.85,0,1,0,0,0,0,1,0
PNS," 51,668 ",2,500.23,0,1,0,0,0,0,1,0
LIH," 50,998 ",2,329.27,0,1,0,0,0,0,0,1
FAT," 50,668 ",2,499.02,0,1,0,0,0,0,0,1
MHT," 50,192 ",2,427.39,0,1,0,0,1,0,0,0
ICT," 49,142 ",2,432.84,0,1,0,0,0,1,0,0
DAY," 46,771 ",2,467.86,0,1,0,0,0,1,0,0
XNA," 46,289 ",2,560.36,0,1,0,0,0,0,1,0
ISP," 46,103 ",2,338.08,0,1,0,0,1,0,0,0
PIE," 44,522 ",2,112.97,0,1,0,0,0,0,1,0
LAX," 1,401,452 ",3,422.10,0,0,1,0,0,0,0,1
ORD," 1,118,136 ",3,371.10,0,0,1,0,0,1,0,0
DEN," 1,035,031 ",3,350.96,0,0,1,0,0,0,0,1
ATL," 980,434 ",3,414.08,0,0,1,0,0,0,1,0
BOS," 935,978 ",3,395.71,0,0,1,0,1,0,0,0
SFO," 912,366 ",3,459.74,0,0,1,0,0,0,0,1
SEA," 902,901 ",3,391.22,0,0,1,0,0,0,0,1
EWR," 849,241 ",3,519.46,0,0,1,0,1,0,0,0
DFW," 819,377 ",3,394.84,0,0,1,0,0,0,1,0
JFK," 760,592 ",3,467.36,0,0,1,0,1,0,0,0
LGA," 720,310 ",3,387.37,0,0,1,0,1,0,0,0
MCO," 709,887 ",3,311.89,0,0,1,0,0,0,1,0
PHX," 701,600 ",3,371.48,0,0,1,0,0,0,0,1
MSP," 644,236 ",3,461.25,0,0,1,0,0,1,0,0
LAS," 631,585 ",3,263.66,0,0,1,0,0,0,0,1
PHL," 607,992 ",3,416.92,0,0,1,0,1,0,0,0
SAN," 568,746 ",3,392.29,0,0,1,0,0,0,0,1
DTW," 565,317 ",3,444.85,0,0,1,0,0,1,0,0
FLL," 536,275 ",3,286.94,0,0,1,0,0,0,1,0
BWI," 536,148 ",3,355.83,0,0,1,0,0,0,1,0
DCA," 516,863 ",3,379.54,0,0,1,0,0,0,1,0
IAH," 498,139 ",3,482.29,0,0,1,0,0,0,1,0
PDX," 481,330 ",3,380.83,0,0,1,0,0,0,0,1
TPA," 452,816 ",3,344.57,0,0,1,0,0,0,1,0
AUS," 412,378 ",3,387.51,0,0,1,0,0,0,1,0
SLC," 391,333 ",3,416.56,0,0,1,0,0,0,0,1
CLT," 386,574 ",3,484.72,0,0,1,0,0,0,1,0
SJC," 384,362 ",3,374.20,0,0,1,0,0,0,0,1
RDU," 364,230 ",3,405.37,0,0,1,0,0,0,1,0
MIA," 353,159 ",3,377.91,0,0,1,0,0,0,1,0
SMF," 353,135 ",3,407.49,0,0,1,0,0,0,0,1
BNA," 351,195 ",3,418.01,0,0,1,0,0,0,1,0
MDW," 339,365 ",3,319.98,0,0,1,0,0,1,0,0
OAK," 330,576 ",3,345.68,0,0,1,0,0,0,0,1
STL," 315,638 ",3,407.26,0,0,1,0,0,1,0,0
MCI," 299,998 ",3,393.30,0,0,1,0,0,1,0,0
HNL," 295,221 ",3,419.64,0,0,1,0,0,0,0,1
IAD," 283,462 ",3,485.07,0,0,1,0,0,0,1,0
DAL," 279,833 ",3,302.97,0,0,1,0,0,0,1,0
CLE," 275,412 ",3,382.89,0,0,1,0,0,1,0,0
MSY," 267,473 ",3,357.31,0,0,1,0,0,0,1,0
IND," 266,197 ",3,406.16,0,0,1,0,0,1,0,0
PIT," 264,483 ",3,423.60,0,0,1,0,1,0,0,0
SNA," 253,110 ",3,403.23,0,0,1,0,0,0,0,1
CVG," 250,926 ",3,463.11,0,0,1,0,0,1,0,0
SAT," 238,614 ",3,437.15,0,0,1,0,0,0,1,0
HOU," 235,116 ",3,375.27,0,0,1,0,0,0,1,0
CMH," 231,767 ",3,432.86,0,0,1,0,0,1,0,0
BDL," 206,307 ",3,433.92,0,0,1,0,1,0,0,0
SJU," 200,811 ",3,355.69,0,0,1,0,0,0,1,0
MKE," 196,915 ",3,390.90,0,0,1,0,0,1,0,0
RSW," 178,463 ",3,352.32,0,0,1,0,0,0,1,0
JAX," 172,463 ",3,414.16,0,0,1,0,0,0,1,0
BUR," 167,487 ",3,327.79,0,0,1,0,0,0,0,1
PBI," 158,587 ",3,353.70,0,0,1,0,0,0,1,0
ONT," 157,682 ",3,388.93,0,0,1,0,0,0,0,1
BUF," 144,958 ",3,357.17,0,0,1,0,1,0,0,0
OMA," 140,073 ",3,425.09,0,0,1,0,0,1,0,0
ABQ," 128,946 ",3,415.65,0,0,1,0,0,0,0,1
RIC," 126,251 ",3,461.49,0,0,1,0,0,0,1,0
MEM," 124,411 ",3,429.75,0,0,1,0,0,0,1,0
PVD," 117,256 ",3,393.63,0,0,1,0,1,0,0,0
OKC," 117,098 ",3,457.51,0,0,1,0,0,0,1,0
BOI," 112,882 ",3,401.10,0,0,1,0,0,0,0,1
ORF," 109,959 ",3,482.74,0,0,1,0,0,0,1,0
GRR," 108,277 ",3,459.88,0,0,1,0,0,1,0,0
SDF," 107,604 ",3,462.65,0,0,1,0,0,0,1,0
GEG," 107,090 ",3,407.29,0,0,1,0,0,0,0,1
CHS," 106,675 ",3,416.59,0,0,1,0,0,0,1,0
ANC," 106,205 ",3,465.24,0,0,1,0,0,0,0,1
RNO," 101,528 ",3,389.46,0,0,1,0,0,0,0,1
LGB," 99,852 ",3,275.83,0,0,1,0,0,0,0,1
OGG," 99,815 ",3,353.03,0,0,1,0,0,0,0,1
ELP," 97,152 ",3,445.42,0,0,1,0,0,0,1,0
TUS," 96,391 ",3,446.27,0,0,1,0,0,0,0,1
ALB," 89,018 ",3,480.60,0,0,1,0,1,0,0,0
DSM," 83,986 ",3,416.45,0,0,1,0,0,1,0,0
BHM," 83,344 ",3,477.96,0,0,1,0,0,0,1,0
TUL," 81,978 ",3,459.95,0,0,1,0,0,0,1,0
SYR," 77,477 ",3,452.04,0,0,1,0,1,0,0,0
ROC," 76,097 ",3,421.33,0,0,1,0,1,0,0,0
GSP," 68,771 ",3,452.14,0,0,1,0,0,0,1,0
MSN," 67,555 ",3,554.95,0,0,1,0,0,1,0,0
TYS," 65,985 ",3,505.42,0,0,1,0,0,0,1,0
LIT," 59,997 ",3,481.88,0,0,1,0,0,0,1,0
KOA," 58,932 ",3,348.51,0,0,1,0,0,0,0,1
PWM," 58,841 ",3,458.08,0,0,1,0,1,0,0,0
SAV," 58,711 ",3,464.29,0,0,1,0,0,0,1,0
GSO," 56,458 ",3,487.00,0,0,1,0,0,0,1,0
HPN," 55,315 ",3,421.13,0,0,1,0,1,0,0,0
SFB," 52,979 ",3,101.83,0,0,1,0,0,0,1,0
PNS," 51,668 ",3,508.06,0,0,1,0,0,0,1,0
LIH," 50,998 ",3,312.84,0,0,1,0,0,0,0,1
FAT," 50,668 ",3,492.25,0,0,1,0,0,0,0,1
MHT," 50,192 ",3,413.70,0,0,1,0,1,0,0,0
ICT," 49,142 ",3,433.69,0,0,1,0,0,1,0,0
DAY," 46,771 ",3,463.66,0,0,1,0,0,1,0,0
XNA," 46,289 ",3,531.39,0,0,1,0,0,0,1,0
ISP," 46,103 ",3,336.03,0,0,1,0,1,0,0,0
PIE," 44,522 ",3,98.33,0,0,1,0,0,0,1,0
LAX," 1,401,452 ",4,418.48,0,0,0,1,0,0,0,1
ORD," 1,118,136 ",4,363.01,0,0,0,1,0,1,0,0
DEN," 1,035,031 ",4,339.50,0,0,0,1,0,0,0,1
ATL," 980,434 ",4,395.97,0,0,0,1,0,0,1,0
BOS," 935,978 ",4,399.85,0,0,0,1,1,0,0,0
SFO," 912,366 ",4,457.05,0,0,0,1,0,0,0,1
SEA," 902,901 ",4,400.77,0,0,0,1,0,0,0,1
EWR," 849,241 ",4,500.52,0,0,0,1,1,0,0,0
DFW," 819,377 ",4,379.35,0,0,0,1,0,0,1,0
JFK," 760,592 ",4,454.62,0,0,0,1,1,0,0,0
LGA," 720,310 ",4,383.76,0,0,0,1,1,0,0,0
MCO," 709,887 ",4,298.17,0,0,0,1,0,0,1,0
PHX," 701,600 ",4,368.89,0,0,0,1,0,0,0,1
MSP," 644,236 ",4,445.79,0,0,0,1,0,1,0,0
LAS," 631,585 ",4,258.85,0,0,0,1,0,0,0,1
PHL," 607,992 ",4,405.40,0,0,0,1,1,0,0,0
SAN," 568,746 ",4,392.02,0,0,0,1,0,0,0,1
DTW," 565,317 ",4,438.56,0,0,0,1,0,1,0,0
FLL," 536,275 ",4,274.82,0,0,0,1,0,0,1,0
BWI," 536,148 ",4,357.51,0,0,0,1,0,0,1,0
DCA," 516,863 ",4,378.28,0,0,0,1,0,0,1,0
IAH," 498,139 ",4,456.27,0,0,0,1,0,0,1,0
PDX," 481,330 ",4,382.68,0,0,0,1,0,0,0,1
TPA," 452,816 ",4,337.88,0,0,0,1,0,0,1,0
AUS," 412,378 ",4,399.03,0,0,0,1,0,0,1,0
SLC," 391,333 ",4,413.98,0,0,0,1,0,0,0,1
CLT," 386,574 ",4,454.32,0,0,0,1,0,0,1,0
SJC," 384,362 ",4,370.88,0,0,0,1,0,0,0,1
RDU," 364,230 ",4,392.58,0,0,0,1,0,0,1,0
MIA," 353,159 ",4,336.16,0,0,0,1,0,0,1,0
SMF," 353,135 ",4,395.05,0,0,0,1,0,0,0,1
BNA," 351,195 ",4,406.99,0,0,0,1,0,0,1,0
MDW," 339,365 ",4,330.29,0,0,0,1,0,1,0,0
OAK," 330,576 ",4,337.52,0,0,0,1,0,0,0,1
STL," 315,638 ",4,394.53,0,0,0,1,0,1,0,0
MCI," 299,998 ",4,395.34,0,0,0,1,0,1,0,0
HNL," 295,221 ",4,424.61,0,0,0,1,0,0,0,1
IAD," 283,462 ",4,504.79,0,0,0,1,0,0,1,0
DAL," 279,833 ",4,306.56,0,0,0,1,0,0,1,0
CLE," 275,412 ",4,368.07,0,0,0,1,0,1,0,0
MSY," 267,473 ",4,359.25,0,0,0,1,0,0,1,0
IND," 266,197 ",4,397.04,0,0,0,1,0,1,0,0
PIT," 264,483 ",4,418.29,0,0,0,1,1,0,0,0
SNA," 253,110 ",4,398.08,0,0,0,1,0,0,0,1
CVG," 250,926 ",4,448.99,0,0,0,1,0,1,0,0
SAT," 238,614 ",4,420.32,0,0,0,1,0,0,1,0
HOU," 235,116 ",4,363.78,0,0,0,1,0,0,1,0
CMH," 231,767 ",4,413.00,0,0,0,1,0,1,0,0
BDL," 206,307 ",4,429.12,0,0,0,1,1,0,0,0
SJU," 200,811 ",4,335.79,0,0,0,1,0,0,1,0
MKE," 196,915 ",4,388.94,0,0,0,1,0,1,0,0
RSW," 178,463 ",4,333.68,0,0,0,1,0,0,1,0
JAX," 172,463 ",4,405.57,0,0,0,1,0,0,1,0
BUR," 167,487 ",4,321.00,0,0,0,1,0,0,0,1
PBI," 158,587 ",4,338.46,0,0,0,1,0,0,1,0
ONT," 157,682 ",4,371.50,0,0,0,1,0,0,0,1
BUF," 144,958 ",4,348.34,0,0,0,1,1,0,0,0
OMA," 140,073 ",4,432.74,0,0,0,1,0,1,0,0
ABQ," 128,946 ",4,407.29,0,0,0,1,0,0,0,1
RIC," 126,251 ",4,461.03,0,0,0,1,0,0,1,0
MEM," 124,411 ",4,422.17,0,0,0,1,0,0,1,0
PVD," 117,256 ",4,389.34,0,0,0,1,1,0,0,0
OKC," 117,098 ",4,438.57,0,0,0,1,0,0,1,0
BOI," 112,882 ",4,392.89,0,0,0,1,0,0,0,1
ORF," 109,959 ",4,467.74,0,0,0,1,0,0,1,0
GRR," 108,277 ",4,450.05,0,0,0,1,0,1,0,0
SDF," 107,604 ",4,452.51,0,0,0,1,0,0,1,0
GEG," 107,090 ",4,399.91,0,0,0,1,0,0,0,1
CHS," 106,675 ",4,407.88,0,0,0,1,0,0,1,0
ANC," 106,205 ",4,530.61,0,0,0,1,0,0,0,1
RNO," 101,528 ",4,371.33,0,0,0,1,0,0,0,1
LGB," 99,852 ",4,263.82,0,0,0,1,0,0,0,1
OGG," 99,815 ",4,336.52,0,0,0,1,0,0,0,1
ELP," 97,152 ",4,432.48,0,0,0,1,0,0,1,0
TUS," 96,391 ",4,428.03,0,0,0,1,0,0,0,1
ALB," 89,018 ",4,449.62,0,0,0,1,1,0,0,0
DSM," 83,986 ",4,418.51,0,0,0,1,0,1,0,0
BHM," 83,344 ",4,471.14,0,0,0,1,0,0,1,0
TUL," 81,978 ",4,445.91,0,0,0,1,0,0,1,0
SYR," 77,477 ",4,442.99,0,0,0,1,1,0,0,0
ROC," 76,097 ",4,391.92,0,0,0,1,1,0,0,0
GSP," 68,771 ",4,431.99,0,0,0,1,0,0,1,0
MSN," 67,555 ",4,569.91,0,0,0,1,0,1,0,0
TYS," 65,985 ",4,485.83,0,0,0,1,0,0,1,0
LIT," 59,997 ",4,459.43,0,0,0,1,0,0,1,0
KOA," 58,932 ",4,348.28,0,0,0,1,0,0,0,1
PWM," 58,841 ",4,439.05,0,0,0,1,1,0,0,0
SAV," 58,711 ",4,469.37,0,0,0,1,0,0,1,0
GSO," 56,458 ",4,465.41,0,0,0,1,0,0,1,0
HPN," 55,315 ",4,442.13,0,0,0,1,1,0,0,0
SFB," 52,979 ",4,103.63,0,0,0,1,0,0,1,0
PNS," 51,668 ",4,493.44,0,0,0,1,0,0,1,0
LIH," 50,998 ",4,309.88,0,0,0,1,0,0,0,1
FAT," 50,668 ",4,486.32,0,0,0,1,0,0,0,1
MHT," 50,192 ",4,404.44,0,0,0,1,1,0,0,0
ICT," 49,142 ",4,427.37,0,0,0,1,0,1,0,0
DAY," 46,771 ",4,454.21,0,0,0,1,0,1,0,0
XNA," 46,289 ",4,560.36,0,0,0,1,0,0,1,0
ISP," 46,103 ",4,353.69,0,0,0,1,1,0,0,0
PIE," 44,522 ",4,100.94,0,0,0,1,0,0,1,0
LAX," 1,401,452 ",5,392.22,1,0,0,0,0,0,0,1
ORD," 1,118,136 ",5,366.69,1,0,0,0,0,1,0,0
DEN," 1,035,031 ",5,353.47,1,0,0,0,0,0,0,1
ATL," 980,434 ",5,404.58,1,0,0,0,0,0,1,0
BOS," 935,978 ",5,398.14,1,0,0,0,1,0,0,0
SFO," 912,366 ",5,430.99,1,0,0,0,0,0,0,1
SEA," 902,901 ",5,366.18,1,0,0,0,0,0,0,1
EWR," 849,241 ",5,486.83,1,0,0,0,1,0,0,0
DFW," 819,377 ",5,381.01,1,0,0,0,0,0,1,0
JFK," 760,592 ",5,436.31,1,0,0,0,1,0,0,0
LGA," 720,310 ",5,364.66,1,0,0,0,1,0,0,0
MCO," 709,887 ",5,283.07,1,0,0,0,0,0,1,0
PHX," 701,600 ",5,368.86,1,0,0,0,0,0,0,1
MSP," 644,236 ",5,450.60,1,0,0,0,0,1,0,0
LAS," 631,585 ",5,253.14,1,0,0,0,0,0,0,1
PHL," 607,992 ",5,404.81,1,0,0,0,1,0,0,0
SAN," 568,746 ",5,379.61,1,0,0,0,0,0,0,1
DTW," 565,317 ",5,426.17,1,0,0,0,0,1,0,0
FLL," 536,275 ",5,273.77,1,0,0,0,0,0,1,0
BWI," 536,148 ",5,353.95,1,0,0,0,0,0,1,0
DCA," 516,863 ",5,372.40,1,0,0,0,0,0,1,0
IAH," 498,139 ",5,481.22,1,0,0,0,0,0,1,0
PDX," 481,330 ",5,362.76,1,0,0,0,0,0,0,1
TPA," 452,816 ",5,332.92,1,0,0,0,0,0,1,0
AUS," 412,378 ",5,405.93,1,0,0,0,0,0,1,0
SLC," 391,333 ",5,425.64,1,0,0,0,0,0,0,1
CLT," 386,574 ",5,487.37,1,0,0,0,0,0,1,0
SJC," 384,362 ",5,342.80,1,0,0,0,0,0,0,1
RDU," 364,230 ",5,405.69,1,0,0,0,0,0,1,0
MIA," 353,159 ",5,340.08,1,0,0,0,0,0,1,0
SMF," 353,135 ",5,383.00,1,0,0,0,0,0,0,1
BNA," 351,195 ",5,410.37,1,0,0,0,0,0,1,0
MDW," 339,365 ",5,317.89,1,0,0,0,0,1,0,0
OAK," 330,576 ",5,324.71,1,0,0,0,0,0,0,1
STL," 315,638 ",5,399.14,1,0,0,0,0,1,0,0
MCI," 299,998 ",5,406.75,1,0,0,0,0,1,0,0
HNL," 295,221 ",5,388.89,1,0,0,0,0,0,0,1
IAD," 283,462 ",5,496.67,1,0,0,0,0,0,1,0
DAL," 279,833 ",5,289.79,1,0,0,0,0,0,1,0
CLE," 275,412 ",5,377.95,1,0,0,0,0,1,0,0
MSY," 267,473 ",5,352.17,1,0,0,0,0,0,1,0
IND," 266,197 ",5,386.54,1,0,0,0,0,1,0,0
PIT," 264,483 ",5,420.56,1,0,0,0,1,0,0,0
SNA," 253,110 ",5,388.81,1,0,0,0,0,0,0,1
CVG," 250,926 ",5,466.60,1,0,0,0,0,1,0,0
SAT," 238,614 ",5,426.54,1,0,0,0,0,0,1,0
HOU," 235,116 ",5,362.93,1,0,0,0,0,0,1,0
CMH," 231,767 ",5,421.14,1,0,0,0,0,1,0,0
BDL," 206,307 ",5,420.06,1,0,0,0,1,0,0,0
SJU," 200,811 ",5,327.74,1,0,0,0,0,0,1,0
MKE," 196,915 ",5,382.92,1,0,0,0,0,1,0,0
RSW," 178,463 ",5,311.23,1,0,0,0,0,0,1,0
JAX," 172,463 ",5,419.32,1,0,0,0,0,0,1,0
BUR," 167,487 ",5,311.33,1,0,0,0,0,0,0,1
PBI," 158,587 ",5,342.04,1,0,0,0,0,0,1,0
ONT," 157,682 ",5,375.44,1,0,0,0,0,0,0,1
BUF," 144,958 ",5,365.02,1,0,0,0,1,0,0,0
OMA," 140,073 ",5,437.19,1,0,0,0,0,1,0,0
ABQ," 128,946 ",5,405.30,1,0,0,0,0,0,0,1
RIC," 126,251 ",5,460.68,1,0,0,0,0,0,1,0
MEM," 124,411 ",5,432.46,1,0,0,0,0,0,1,0
PVD," 117,256 ",5,379.03,1,0,0,0,1,0,0,0
OKC," 117,098 ",5,449.47,1,0,0,0,0,0,1,0
BOI," 112,882 ",5,386.73,1,0,0,0,0,0,0,1
ORF," 109,959 ",5,472.59,1,0,0,0,0,0,1,0
GRR," 108,277 ",5,435.85,1,0,0,0,0,1,0,0
SDF," 107,604 ",5,457.11,1,0,0,0,0,0,1,0
GEG," 107,090 ",5,387.65,1,0,0,0,0,0,0,1
CHS," 106,675 ",5,413.39,1,0,0,0,0,0,1,0
ANC," 106,205 ",5,497.91,1,0,0,0,0,0,0,1
RNO," 101,528 ",5,386.96,1,0,0,0,0,0,0,1
LGB," 99,852 ",5,246.21,1,0,0,0,0,0,0,1
OGG," 99,815 ",5,332.40,1,0,0,0,0,0,0,1
ELP," 97,152 ",5,432.88,1,0,0,0,0,0,1,0
TUS," 96,391 ",5,420.80,1,0,0,0,0,0,0,1
ALB," 89,018 ",5,426.21,1,0,0,0,1,0,0,0
DSM," 83,986 ",5,427.60,1,0,0,0,0,1,0,0
BHM," 83,344 ",5,486.73,1,0,0,0,0,0,1,0
TUL," 81,978 ",5,458.01,1,0,0,0,0,0,1,0
SYR," 77,477 ",5,445.11,1,0,0,0,1,0,0,0
ROC," 76,097 ",5,415.78,1,0,0,0,1,0,0,0
GSP," 68,771 ",5,470.28,1,0,0,0,0,0,1,0
MSN," 67,555 ",5,571.96,1,0,0,0,0,1,0,0
TYS," 65,985 ",5,531.28,1,0,0,0,0,0,1,0
LIT," 59,997 ",5,478.27,1,0,0,0,0,0,1,0
KOA," 58,932 ",5,341.33,1,0,0,0,0,0,0,1
PWM," 58,841 ",5,453.77,1,0,0,0,1,0,0,0
SAV," 58,711 ",5,486.44,1,0,0,0,0,0,1,0
GSO," 56,458 ",5,495.09,1,0,0,0,0,0,1,0
HPN," 55,315 ",5,437.97,1,0,0,0,1,0,0,0
SFB," 52,979 ",5,120.05,1,0,0,0,0,0,1,0
PNS," 51,668 ",5,492.94,1,0,0,0,0,0,1,0
LIH," 50,998 ",5,299.45,1,0,0,0,0,0,0,1
FAT," 50,668 ",5,469.48,1,0,0,0,0,0,0,1
MHT," 50,192 ",5,405.82,1,0,0,0,1,0,0,0
ICT," 49,142 ",5,439.74,1,0,0,0,0,1,0,0
DAY," 46,771 ",5,463.47,1,0,0,0,0,1,0,0
XNA," 46,289 ",5,606.47,1,0,0,0,0,0,1,0
ISP," 46,103 ",5,350.68,1,0,0,0,1,0,0,0
PIE," 44,522 ",5,118.68,1,0,0,0,0,0,1,0
LAX," 1,401,452 ",6,382.79,0,1,0,0,0,0,0,1
ORD," 1,118,136 ",6,336.75,0,1,0,0,0,1,0,0
DEN," 1,035,031 ",6,331.63,0,1,0,0,0,0,0,1
ATL," 980,434 ",6,375.62,0,1,0,0,0,0,1,0
BOS," 935,978 ",6,375.54,0,1,0,0,1,0,0,0
SFO," 912,366 ",6,432.01,0,1,0,0,0,0,0,1
SEA," 902,901 ",6,358.89,0,1,0,0,0,0,0,1
EWR," 849,241 ",6,458.09,0,1,0,0,1,0,0,0
DFW," 819,377 ",6,372.49,0,1,0,0,0,0,1,0
JFK," 760,592 ",6,416.22,0,1,0,0,1,0,0,0
LGA," 720,310 ",6,354.42,0,1,0,0,1,0,0,0
MCO," 709,887 ",6,276.18,0,1,0,0,0,0,1,0
PHX," 701,600 ",6,357.48,0,1,0,0,0,0,0,1
MSP," 644,236 ",6,408.59,0,1,0,0,0,1,0,0
LAS," 631,585 ",6,247.38,0,1,0,0,0,0,0,1
PHL," 607,992 ",6,388.42,0,1,0,0,1,0,0,0
SAN," 568,746 ",6,384.04,0,1,0,0,0,0,0,1
DTW," 565,317 ",6,399.97,0,1,0,0,0,1,0,0
FLL," 536,275 ",6,255.71,0,1,0,0,0,0,1,0
BWI," 536,148 ",6,337.50,0,1,0,0,0,0,1,0
DCA," 516,863 ",6,362.98,0,1,0,0,0,0,1,0
IAH," 498,139 ",6,456.49,0,1,0,0,0,0,1,0
PDX," 481,330 ",6,353.18,0,1,0,0,0,0,0,1
TPA," 452,816 ",6,331.90,0,1,0,0,0,0,1,0
AUS," 412,378 ",6,399.66,0,1,0,0,0,0,1,0
SLC," 391,333 ",6,399.98,0,1,0,0,0,0,0,1
CLT," 386,574 ",6,440.32,0,1,0,0,0,0,1,0
SJC," 384,362 ",6,350.11,0,1,0,0,0,0,0,1
RDU," 364,230 ",6,380.03,0,1,0,0,0,0,1,0
MIA," 353,159 ",6,320.93,0,1,0,0,0,0,1,0
SMF," 353,135 ",6,399.14,0,1,0,0,0,0,0,1
BNA," 351,195 ",6,389.76,0,1,0,0,0,0,1,0
MDW," 339,365 ",6,301.51,0,1,0,0,0,1,0,0
OAK," 330,576 ",6,336.26,0,1,0,0,0,0,0,1
STL," 315,638 ",6,393.39,0,1,0,0,0,1,0,0
MCI," 299,998 ",6,381.30,0,1,0,0,0,1,0,0
HNL," 295,221 ",6,422.63,0,1,0,0,0,0,0,1
IAD," 283,462 ",6,459.94,0,1,0,0,0,0,1,0
DAL," 279,833 ",6,299.42,0,1,0,0,0,0,1,0
CLE," 275,412 ",6,359.35,0,1,0,0,0,1,0,0
MSY," 267,473 ",6,348.90,0,1,0,0,0,0,1,0
IND," 266,197 ",6,375.56,0,1,0,0,0,1,0,0
PIT," 264,483 ",6,407.14,0,1,0,0,1,0,0,0
SNA," 253,110 ",6,388.19,0,1,0,0,0,0,0,1
CVG," 250,926 ",6,404.46,0,1,0,0,0,1,0,0
SAT," 238,614 ",6,413.54,0,1,0,0,0,0,1,0
HOU," 235,116 ",6,367.23,0,1,0,0,0,0,1,0
CMH," 231,767 ",6,392.63,0,1,0,0,0,1,0,0
BDL," 206,307 ",6,418.72,0,1,0,0,1,0,0,0
SJU," 200,811 ",6,299.67,0,1,0,0,0,0,1,0
MKE," 196,915 ",6,352.75,0,1,0,0,0,1,0,0
RSW," 178,463 ",6,329.15,0,1,0,0,0,0,1,0
JAX," 172,463 ",6,404.11,0,1,0,0,0,0,1,0
BUR," 167,487 ",6,312.90,0,1,0,0,0,0,0,1
PBI," 158,587 ",6,331.16,0,1,0,0,0,0,1,0
ONT," 157,682 ",6,383.48,0,1,0,0,0,0,0,1
BUF," 144,958 ",6,332.05,0,1,0,0,1,0,0,0
OMA," 140,073 ",6,411.93,0,1,0,0,0,1,0,0
ABQ," 128,946 ",6,413.57,0,1,0,0,0,0,0,1
RIC," 126,251 ",6,452.77,0,1,0,0,0,0,1,0
MEM," 124,411 ",6,417.92,0,1,0,0,0,0,1,0
PVD," 117,256 ",6,387.56,0,1,0,0,1,0,0,0
OKC," 117,098 ",6,439.59,0,1,0,0,0,0,1,0
BOI," 112,882 ",6,375.06,0,1,0,0,0,0,0,1
ORF," 109,959 ",6,460.18,0,1,0,0,0,0,1,0
GRR," 108,277 ",6,436.73,0,1,0,0,0,1,0,0
SDF," 107,604 ",6,470.29,0,1,0,0,0,0,1,0
GEG," 107,090 ",6,395.04,0,1,0,0,0,0,0,1
CHS," 106,675 ",6,397.08,0,1,0,0,0,0,1,0
ANC," 106,205 ",6,443.66,0,1,0,0,0,0,0,1
RNO," 101,528 ",6,379.94,0,1,0,0,0,0,0,1
LGB," 99,852 ",6,245.86,0,1,0,0,0,0,0,1
OGG," 99,815 ",6,344.47,0,1,0,0,0,0,0,1
ELP," 97,152 ",6,431.62,0,1,0,0,0,0,1,0
TUS," 96,391 ",6,422.92,0,1,0,0,0,0,0,1
ALB," 89,018 ",6,428.98,0,1,0,0,1,0,0,0
DSM," 83,986 ",6,400.35,0,1,0,0,0,1,0,0
BHM," 83,344 ",6,476.93,0,1,0,0,0,0,1,0
TUL," 81,978 ",6,448.60,0,1,0,0,0,0,1,0
SYR," 77,477 ",6,450.08,0,1,0,0,1,0,0,0
ROC," 76,097 ",6,393.02,0,1,0,0,1,0,0,0
GSP," 68,771 ",6,451.05,0,1,0,0,0,0,1,0
MSN," 67,555 ",6,511.08,0,1,0,0,0,1,0,0
TYS," 65,985 ",6,490.43,0,1,0,0,0,0,1,0
LIT," 59,997 ",6,466.74,0,1,0,0,0,0,1,0
KOA," 58,932 ",6,347.78,0,1,0,0,0,0,0,1
PWM," 58,841 ",6,446.95,0,1,0,0,1,0,0,0
SAV," 58,711 ",6,424.57,0,1,0,0,0,0,1,0
GSO," 56,458 ",6,476.76,0,1,0,0,0,0,1,0
HPN," 55,315 ",6,403.20,0,1,0,0,1,0,0,0
SFB," 52,979 ",6,102.36,0,1,0,0,0,0,1,0
PNS," 51,668 ",6,483.61,0,1,0,0,0,0,1,0
LIH," 50,998 ",6,318.81,0,1,0,0,0,0,0,1
FAT," 50,668 ",6,469.95,0,1,0,0,0,0,0,1
MHT," 50,192 ",6,405.91,0,1,0,0,1,0,0,0
ICT," 49,142 ",6,408.44,0,1,0,0,0,1,0,0
DAY," 46,771 ",6,441.91,0,1,0,0,0,1,0,0
XNA," 46,289 ",6,548.50,0,1,0,0,0,0,1,0
ISP," 46,103 ",6,333.68,0,1,0,0,1,0,0,0
PIE," 44,522 ",6,103.54,0,1,0,0,0,0,1,0
LAX," 1,401,452 ",7,371.66,0,0,1,0,0,0,0,1
ORD," 1,118,136 ",7,329.44,0,0,1,0,0,1,0,0
DEN," 1,035,031 ",7,328.25,0,0,1,0,0,0,0,1
ATL," 980,434 ",7,368.54,0,0,1,0,0,0,1,0
BOS," 935,978 ",7,362.30,0,0,1,0,1,0,0,0
SFO," 912,366 ",7,407.86,0,0,1,0,0,0,0,1
SEA," 902,901 ",7,342.01,0,0,1,0,0,0,0,1
EWR," 849,241 ",7,457.47,0,0,1,0,1,0,0,0
DFW," 819,377 ",7,369.58,0,0,1,0,0,0,1,0
JFK," 760,592 ",7,422.26,0,0,1,0,1,0,0,0
LGA," 720,310 ",7,342.55,0,0,1,0,1,0,0,0
MCO," 709,887 ",7,267.68,0,0,1,0,0,0,1,0
PHX," 701,600 ",7,342.51,0,0,1,0,0,0,0,1
MSP," 644,236 ",7,400.08,0,0,1,0,0,1,0,0
LAS," 631,585 ",7,238.94,0,0,1,0,0,0,0,1
PHL," 607,992 ",7,387.23,0,0,1,0,1,0,0,0
SAN," 568,746 ",7,374.46,0,0,1,0,0,0,0,1
DTW," 565,317 ",7,394.76,0,0,1,0,0,1,0,0
FLL," 536,275 ",7,257.50,0,0,1,0,0,0,1,0
BWI," 536,148 ",7,337.14,0,0,1,0,0,0,1,0
DCA," 516,863 ",7,357.49,0,0,1,0,0,0,1,0
IAH," 498,139 ",7,457.11,0,0,1,0,0,0,1,0
PDX," 481,330 ",7,334.90,0,0,1,0,0,0,0,1
TPA," 452,816 ",7,343.21,0,0,1,0,0,0,1,0
AUS," 412,378 ",7,389.47,0,0,1,0,0,0,1,0
SLC," 391,333 ",7,383.59,0,0,1,0,0,0,0,1
CLT," 386,574 ",7,439.04,0,0,1,0,0,0,1,0
SJC," 384,362 ",7,346.37,0,0,1,0,0,0,0,1
RDU," 364,230 ",7,369.77,0,0,1,0,0,0,1,0
MIA," 353,159 ",7,325.22,0,0,1,0,0,0,1,0
SMF," 353,135 ",7,386.44,0,0,1,0,0,0,0,1
BNA," 351,195 ",7,369.63,0,0,1,0,0,0,1,0
MDW," 339,365 ",7,288.09,0,0,1,0,0,1,0,0
OAK," 330,576 ",7,325.00,0,0,1,0,0,0,0,1
STL," 315,638 ",7,389.88,0,0,1,0,0,1,0,0
MCI," 299,998 ",7,369.22,0,0,1,0,0,1,0,0
HNL," 295,221 ",7,414.06,0,0,1,0,0,0,0,1
IAD," 283,462 ",7,477.02,0,0,1,0,0,0,1,0
DAL," 279,833 ",7,300.53,0,0,1,0,0,0,1,0
CLE," 275,412 ",7,351.00,0,0,1,0,0,1,0,0
MSY," 267,473 ",7,333.02,0,0,1,0,0,0,1,0
IND," 266,197 ",7,371.34,0,0,1,0,0,1,0,0
PIT," 264,483 ",7,385.42,0,0,1,0,1,0,0,0
SNA," 253,110 ",7,380.71,0,0,1,0,0,0,0,1
CVG," 250,926 ",7,388.58,0,0,1,0,0,1,0,0
SAT," 238,614 ",7,405.26,0,0,1,0,0,0,1,0
HOU," 235,116 ",7,368.53,0,0,1,0,0,0,1,0
CMH," 231,767 ",7,386.78,0,0,1,0,0,1,0,0
BDL," 206,307 ",7,410.61,0,0,1,0,1,0,0,0
SJU," 200,811 ",7,300.08,0,0,1,0,0,0,1,0
MKE," 196,915 ",7,349.10,0,0,1,0,0,1,0,0
RSW," 178,463 ",7,349.78,0,0,1,0,0,0,1,0
JAX," 172,463 ",7,398.21,0,0,1,0,0,0,1,0
BUR," 167,487 ",7,302.11,0,0,1,0,0,0,0,1
PBI," 158,587 ",7,349.40,0,0,1,0,0,0,1,0
ONT," 157,682 ",7,369.03,0,0,1,0,0,0,0,1
BUF," 144,958 ",7,339.82,0,0,1,0,1,0,0,0
OMA," 140,073 ",7,395.36,0,0,1,0,0,1,0,0
ABQ," 128,946 ",7,406.20,0,0,1,0,0,0,0,1
RIC," 126,251 ",7,437.86,0,0,1,0,0,0,1,0
MEM," 124,411 ",7,415.17,0,0,1,0,0,0,1,0
PVD," 117,256 ",7,375.10,0,0,1,0,1,0,0,0
OKC," 117,098 ",7,439.20,0,0,1,0,0,0,1,0
BOI," 112,882 ",7,375.24,0,0,1,0,0,0,0,1
ORF," 109,959 ",7,458.97,0,0,1,0,0,0,1,0
GRR," 108,277 ",7,429.03,0,0,1,0,0,1,0,0
SDF," 107,604 ",7,453.34,0,0,1,0,0,0,1,0
GEG," 107,090 ",7,379.23,0,0,1,0,0,0,0,1
CHS," 106,675 ",7,384.10,0,0,1,0,0,0,1,0
ANC," 106,205 ",7,428.86,0,0,1,0,0,0,0,1
RNO," 101,528 ",7,380.55,0,0,1,0,0,0,0,1
LGB," 99,852 ",7,236.95,0,0,1,0,0,0,0,1
OGG," 99,815 ",7,343.94,0,0,1,0,0,0,0,1
ELP," 97,152 ",7,421.62,0,0,1,0,0,0,1,0
TUS," 96,391 ",7,410.60,0,0,1,0,0,0,0,1
ALB," 89,018 ",7,433.06,0,0,1,0,1,0,0,0
DSM," 83,986 ",7,392.29,0,0,1,0,0,1,0,0
BHM," 83,344 ",7,483.02,0,0,1,0,0,0,1,0
TUL," 81,978 ",7,435.18,0,0,1,0,0,0,1,0
SYR," 77,477 ",7,427.42,0,0,1,0,1,0,0,0
ROC," 76,097 ",7,385.85,0,0,1,0,1,0,0,0
GSP," 68,771 ",7,434.74,0,0,1,0,0,0,1,0
MSN," 67,555 ",7,496.59,0,0,1,0,0,1,0,0
TYS," 65,985 ",7,455.34,0,0,1,0,0,0,1,0
LIT," 59,997 ",7,466.62,0,0,1,0,0,0,1,0
KOA," 58,932 ",7,346.33,0,0,1,0,0,0,0,1
PWM," 58,841 ",7,433.53,0,0,1,0,1,0,0,0
SAV," 58,711 ",7,402.86,0,0,1,0,0,0,1,0
GSO," 56,458 ",7,457.09,0,0,1,0,0,0,1,0
HPN," 55,315 ",7,386.65,0,0,1,0,1,0,0,0
SFB," 52,979 ",7,92.27,0,0,1,0,0,0,1,0
PNS," 51,668 ",7,474.70,0,0,1,0,0,0,1,0
LIH," 50,998 ",7,316.98,0,0,1,0,0,0,0,1
FAT," 50,668 ",7,452.67,0,0,1,0,0,0,0,1
MHT," 50,192 ",7,399.37,0,0,1,0,1,0,0,0
ICT," 49,142 ",7,399.91,0,0,1,0,0,1,0,0
DAY," 46,771 ",7,434.30,0,0,1,0,0,1,0,0
XNA," 46,289 ",7,507.49,0,0,1,0,0,0,1,0
ISP," 46,103 ",7,330.71,0,0,1,0,1,0,0,0
PIE," 44,522 ",7,93.51,0,0,1,0,0,0,1,0
LAX," 1,401,452 ",8,383.49,0,0,0,1,0,0,0,1
ORD," 1,118,136 ",8,335.11,0,0,0,1,0,1,0,0
DEN," 1,035,031 ",8,328.75,0,0,0,1,0,0,0,1
ATL," 980,434 ",8,362.88,0,0,0,1,0,0,1,0
BOS," 935,978 ",8,365.81,0,0,0,1,1,0,0,0
SFO," 912,366 ",8,429.07,0,0,0,1,0,0,0,1
SEA," 902,901 ",8,362.20,0,0,0,1,0,0,0,1
EWR," 849,241 ",8,445.96,0,0,0,1,1,0,0,0
DFW," 819,377 ",8,376.09,0,0,0,1,0,0,1,0
JFK," 760,592 ",8,426.59,0,0,0,1,1,0,0,0
LGA," 720,310 ",8,353.08,0,0,0,1,1,0,0,0
MCO," 709,887 ",8,264.32,0,0,0,1,0,0,1,0
PHX," 701,600 ",8,337.84,0,0,0,1,0,0,0,1
MSP," 644,236 ",8,397.15,0,0,0,1,0,1,0,0
LAS," 631,585 ",8,238.31,0,0,0,1,0,0,0,1
PHL," 607,992 ",8,392.46,0,0,0,1,1,0,0,0
SAN," 568,746 ",8,378.09,0,0,0,1,0,0,0,1
DTW," 565,317 ",8,395.76,0,0,0,1,0,1,0,0
FLL," 536,275 ",8,251.82,0,0,0,1,0,0,1,0
BWI," 536,148 ",8,335.49,0,0,0,1,0,0,1,0
DCA," 516,863 ",8,360.36,0,0,0,1,0,0,1,0
IAH," 498,139 ",8,460.06,0,0,0,1,0,0,1,0
PDX," 481,330 ",8,343.23,0,0,0,1,0,0,0,1
TPA," 452,816 ",8,332.17,0,0,0,1,0,0,1,0
AUS," 412,378 ",8,404.65,0,0,0,1,0,0,1,0
SLC," 391,333 ",8,374.67,0,0,0,1,0,0,0,1
CLT," 386,574 ",8,425.88,0,0,0,1,0,0,1,0
SJC," 384,362 ",8,344.57,0,0,0,1,0,0,0,1
RDU," 364,230 ",8,372.41,0,0,0,1,0,0,1,0
MIA," 353,159 ",8,316.67,0,0,0,1,0,0,1,0
SMF," 353,135 ",8,383.95,0,0,0,1,0,0,0,1
BNA," 351,195 ",8,367.30,0,0,0,1,0,0,1,0
MDW," 339,365 ",8,295.46,0,0,0,1,0,1,0,0
OAK," 330,576 ",8,317.91,0,0,0,1,0,0,0,1
STL," 315,638 ",8,374.98,0,0,0,1,0,1,0,0
MCI," 299,998 ",8,366.78,0,0,0,1,0,1,0,0
HNL," 295,221 ",8,438.25,0,0,0,1,0,0,0,1
IAD," 283,462 ",8,473.72,0,0,0,1,0,0,1,0
DAL," 279,833 ",8,300.99,0,0,0,1,0,0,1,0
CLE," 275,412 ",8,358.80,0,0,0,1,0,1,0,0
MSY," 267,473 ",8,326.86,0,0,0,1,0,0,1,0
IND," 266,197 ",8,373.13,0,0,0,1,0,1,0,0
PIT," 264,483 ",8,397.53,0,0,0,1,1,0,0,0
SNA," 253,110 ",8,377.76,0,0,0,1,0,0,0,1
CVG," 250,926 ",8,392.49,0,0,0,1,0,1,0,0
SAT," 238,614 ",8,412.70,0,0,0,1,0,0,1,0
HOU," 235,116 ",8,361.04,0,0,0,1,0,0,1,0
CMH," 231,767 ",8,384.82,0,0,0,1,0,1,0,0
BDL," 206,307 ",8,404.08,0,0,0,1,1,0,0,0
SJU," 200,811 ",8,300.43,0,0,0,1,0,0,1,0
MKE," 196,915 ",8,360.18,0,0,0,1,0,1,0,0
RSW," 178,463 ",8,328.49,0,0,0,1,0,0,1,0
JAX," 172,463 ",8,387.88,0,0,0,1,0,0,1,0
BUR," 167,487 ",8,293.34,0,0,0,1,0,0,0,1
PBI," 158,587 ",8,340.34,0,0,0,1,0,0,1,0
ONT," 157,682 ",8,347.99,0,0,0,1,0,0,0,1
BUF," 144,958 ",8,331.83,0,0,0,1,1,0,0,0
OMA," 140,073 ",8,390.02,0,0,0,1,0,1,0,0
ABQ," 128,946 ",8,391.81,0,0,0,1,0,0,0,1
RIC," 126,251 ",8,442.84,0,0,0,1,0,0,1,0
MEM," 124,411 ",8,400.29,0,0,0,1,0,0,1,0
PVD," 117,256 ",8,371.34,0,0,0,1,1,0,0,0
OKC," 117,098 ",8,430.65,0,0,0,1,0,0,1,0
BOI," 112,882 ",8,377.80,0,0,0,1,0,0,0,1
ORF," 109,959 ",8,452.53,0,0,0,1,0,0,1,0
GRR," 108,277 ",8,416.35,0,0,0,1,0,1,0,0
SDF," 107,604 ",8,431.48,0,0,0,1,0,0,1,0
GEG," 107,090 ",8,380.75,0,0,0,1,0,0,0,1
CHS," 106,675 ",8,394.47,0,0,0,1,0,0,1,0
ANC," 106,205 ",8,496.88,0,0,0,1,0,0,0,1
RNO," 101,528 ",8,369.28,0,0,0,1,0,0,0,1
LGB," 99,852 ",8,222.81,0,0,0,1,0,0,0,1
OGG," 99,815 ",8,337.59,0,0,0,1,0,0,0,1
ELP," 97,152 ",8,421.34,0,0,0,1,0,0,1,0
TUS," 96,391 ",8,396.20,0,0,0,1,0,0,0,1
ALB," 89,018 ",8,418.48,0,0,0,1,1,0,0,0
DSM," 83,986 ",8,382.83,0,0,0,1,0,1,0,0
BHM," 83,344 ",8,472.30,0,0,0,1,0,0,1,0
TUL," 81,978 ",8,425.58,0,0,0,1,0,0,1,0
SYR," 77,477 ",8,424.68,0,0,0,1,1,0,0,0
ROC," 76,097 ",8,383.72,0,0,0,1,1,0,0,0
GSP," 68,771 ",8,434.43,0,0,0,1,0,0,1,0
MSN," 67,555 ",8,522.92,0,0,0,1,0,1,0,0
TYS," 65,985 ",8,447.33,0,0,0,1,0,0,1,0
LIT," 59,997 ",8,451.67,0,0,0,1,0,0,1,0
KOA," 58,932 ",8,358.23,0,0,0,1,0,0,0,1
PWM," 58,841 ",8,407.31,0,0,0,1,1,0,0,0
SAV," 58,711 ",8,432.60,0,0,0,1,0,0,1,0
GSO," 56,458 ",8,455.02,0,0,0,1,0,0,1,0
HPN," 55,315 ",8,441.96,0,0,0,1,1,0,0,0
SFB," 52,979 ",8,99.38,0,0,0,1,0,0,1,0
PNS," 51,668 ",8,474.63,0,0,0,1,0,0,1,0
LIH," 50,998 ",8,326.06,0,0,0,1,0,0,0,1
FAT," 50,668 ",8,454.57,0,0,0,1,0,0,0,1
MHT," 50,192 ",8,393.30,0,0,0,1,1,0,0,0
ICT," 49,142 ",8,406.74,0,0,0,1,0,1,0,0
DAY," 46,771 ",8,419.68,0,0,0,1,0,1,0,0
XNA," 46,289 ",8,534.85,0,0,0,1,0,0,1,0
ISP," 46,103 ",8,353.65,0,0,0,1,1,0,0,0
PIE," 44,522 ",8,97.57,0,0,0,1,0,0,1,0
LAX," 1,401,452 ",9,362.54,1,0,0,0,0,0,0,1
ORD," 1,118,136 ",9,348.52,1,0,0,0,0,1,0,0
DEN," 1,035,031 ",9,341.21,1,0,0,0,0,0,0,1
ATL," 980,434 ",9,377.43,1,0,0,0,0,0,1,0
BOS," 935,978 ",9,358.78,1,0,0,0,1,0,0,0
SFO," 912,366 ",9,413.03,1,0,0,0,0,0,0,1
SEA," 902,901 ",9,346.29,1,0,0,0,0,0,0,1
EWR," 849,241 ",9,413.45,1,0,0,0,1,0,0,0
DFW," 819,377 ",9,393.18,1,0,0,0,0,0,1,0
JFK," 760,592 ",9,406.11,1,0,0,0,1,0,0,0
LGA," 720,310 ",9,330.54,1,0,0,0,1,0,0,0
MCO," 709,887 ",9,280.44,1,0,0,0,0,0,1,0
PHX," 701,600 ",9,343.65,1,0,0,0,0,0,0,1
MSP," 644,236 ",9,407.70,1,0,0,0,0,1,0,0
LAS," 631,585 ",9,266.09,1,0,0,0,0,0,0,1
PHL," 607,992 ",9,399.86,1,0,0,0,1,0,0,0
SAN," 568,746 ",9,366.20,1,0,0,0,0,0,0,1
DTW," 565,317 ",9,402.48,1,0,0,0,0,1,0,0
FLL," 536,275 ",9,252.27,1,0,0,0,0,0,1,0
BWI," 536,148 ",9,331.38,1,0,0,0,0,0,1,0
DCA," 516,863 ",9,360.34,1,0,0,0,0,0,1,0
IAH," 498,139 ",9,462.66,1,0,0,0,0,0,1,0
PDX," 481,330 ",9,340.08,1,0,0,0,0,0,0,1
TPA," 452,816 ",9,335.19,1,0,0,0,0,0,1,0
AUS," 412,378 ",9,409.30,1,0,0,0,0,0,1,0
SLC," 391,333 ",9,386.41,1,0,0,0,0,0,0,1
CLT," 386,574 ",9,441.47,1,0,0,0,0,0,1,0
SJC," 384,362 ",9,318.92,1,0,0,0,0,0,0,1
RDU," 364,230 ",9,370.88,1,0,0,0,0,0,1,0
MIA," 353,159 ",9,332.82,1,0,0,0,0,0,1,0
SMF," 353,135 ",9,369.00,1,0,0,0,0,0,0,1
BNA," 351,195 ",9,382.82,1,0,0,0,0,0,1,0
MDW," 339,365 ",9,299.85,1,0,0,0,0,1,0,0
OAK," 330,576 ",9,306.45,1,0,0,0,0,0,0,1
STL," 315,638 ",9,397.72,1,0,0,0,0,1,0,0
MCI," 299,998 ",9,383.76,1,0,0,0,0,1,0,0
HNL," 295,221 ",9,378.74,1,0,0,0,0,0,0,1
IAD," 283,462 ",9,465.81,1,0,0,0,0,0,1,0
DAL," 279,833 ",9,300.12,1,0,0,0,0,0,1,0
CLE," 275,412 ",9,376.47,1,0,0,0,0,1,0,0
MSY," 267,473 ",9,340.03,1,0,0,0,0,0,1,0
IND," 266,197 ",9,385.59,1,0,0,0,0,1,0,0
PIT," 264,483 ",9,398.68,1,0,0,0,1,0,0,0
SNA," 253,110 ",9,379.76,1,0,0,0,0,0,0,1
CVG," 250,926 ",9,408.90,1,0,0,0,0,1,0,0
SAT," 238,614 ",9,422.31,1,0,0,0,0,0,1,0
HOU," 235,116 ",9,359.57,1,0,0,0,0,0,1,0
CMH," 231,767 ",9,407.94,1,0,0,0,0,1,0,0
BDL," 206,307 ",9,392.65,1,0,0,0,1,0,0,0
SJU," 200,811 ",9,298.75,1,0,0,0,0,0,1,0
MKE," 196,915 ",9,380.41,1,0,0,0,0,1,0,0
RSW," 178,463 ",9,330.75,1,0,0,0,0,0,1,0
JAX," 172,463 ",9,407.29,1,0,0,0,0,0,1,0
BUR," 167,487 ",9,285.41,1,0,0,0,0,0,0,1
PBI," 158,587 ",9,341.55,1,0,0,0,0,0,1,0
ONT," 157,682 ",9,346.96,1,0,0,0,0,0,0,1
BUF," 144,958 ",9,339.33,1,0,0,0,1,0,0,0
OMA," 140,073 ",9,414.83,1,0,0,0,0,1,0,0
ABQ," 128,946 ",9,398.49,1,0,0,0,0,0,0,1
RIC," 126,251 ",9,442.29,1,0,0,0,0,0,1,0
MEM," 124,411 ",9,430.75,1,0,0,0,0,0,1,0
PVD," 117,256 ",9,367.81,1,0,0,0,1,0,0,0
OKC," 117,098 ",9,438.18,1,0,0,0,0,0,1,0
BOI," 112,882 ",9,364.99,1,0,0,0,0,0,0,1
ORF," 109,959 ",9,451.18,1,0,0,0,0,0,1,0
GRR," 108,277 ",9,418.36,1,0,0,0,0,1,0,0
SDF," 107,604 ",9,448.57,1,0,0,0,0,0,1,0
GEG," 107,090 ",9,372.55,1,0,0,0,0,0,0,1
CHS," 106,675 ",9,395.75,1,0,0,0,0,0,1,0
ANC," 106,205 ",9,474.14,1,0,0,0,0,0,0,1
RNO," 101,528 ",9,364.34,1,0,0,0,0,0,0,1
LGB," 99,852 ",9,198.79,1,0,0,0,0,0,0,1
OGG," 99,815 ",9,317.68,1,0,0,0,0,0,0,1
ELP," 97,152 ",9,417.53,1,0,0,0,0,0,1,0
TUS," 96,391 ",9,399.16,1,0,0,0,0,0,0,1
ALB," 89,018 ",9,404.22,1,0,0,0,1,0,0,0
DSM," 83,986 ",9,404.03,1,0,0,0,0,1,0,0
BHM," 83,344 ",9,475.99,1,0,0,0,0,0,1,0
TUL," 81,978 ",9,450.51,1,0,0,0,0,0,1,0
SYR," 77,477 ",9,428.57,1,0,0,0,1,0,0,0
ROC," 76,097 ",9,399.83,1,0,0,0,1,0,0,0
GSP," 68,771 ",9,453.58,1,0,0,0,0,0,1,0
MSN," 67,555 ",9,516.13,1,0,0,0,0,1,0,0
TYS," 65,985 ",9,488.66,1,0,0,0,0,0,1,0
LIT," 59,997 ",9,462.24,1,0,0,0,0,0,1,0
KOA," 58,932 ",9,339.81,1,0,0,0,0,0,0,1
PWM," 58,841 ",9,415.86,1,0,0,0,1,0,0,0
SAV," 58,711 ",9,443.70,1,0,0,0,0,0,1,0
GSO," 56,458 ",9,471.19,1,0,0,0,0,0,1,0
HPN," 55,315 ",9,422.29,1,0,0,0,1,0,0,0
SFB," 52,979 ",9,103.06,1,0,0,0,0,0,1,0
PNS," 51,668 ",9,469.26,1,0,0,0,0,0,1,0
LIH," 50,998 ",9,300.45,1,0,0,0,0,0,0,1
FAT," 50,668 ",9,430.78,1,0,0,0,0,0,0,1
MHT," 50,192 ",9,398.30,1,0,0,0,1,0,0,0
ICT," 49,142 ",9,426.79,1,0,0,0,0,1,0,0
DAY," 46,771 ",9,420.38,1,0,0,0,0,1,0,0
XNA," 46,289 ",9,569.60,1,0,0,0,0,0,1,0
ISP," 46,103 ",9,359.67,1,0,0,0,1,0,0,0
PIE," 44,522 ",9,108.37,1,0,0,0,0,0,1,0
LAX," 1,401,452 ",10,385.21,0,1,0,0,0,0,0,1
ORD," 1,118,136 ",10,341.97,0,1,0,0,0,1,0,0
DEN," 1,035,031 ",10,313.39,0,1,0,0,0,0,0,1
ATL," 980,434 ",10,374.21,0,1,0,0,0,0,1,0
BOS," 935,978 ",10,368.21,0,1,0,0,1,0,0,0
SFO," 912,366 ",10,427.76,0,1,0,0,0,0,0,1
SEA," 902,901 ",10,363.61,0,1,0,0,0,0,0,1
EWR," 849,241 ",10,433.20,0,1,0,0,1,0,0,0
DFW," 819,377 ",10,391.12,0,1,0,0,0,0,1,0
JFK," 760,592 ",10,421.42,0,1,0,0,1,0,0,0
LGA," 720,310 ",10,343.48,0,1,0,0,1,0,0,0
MCO," 709,887 ",10,267.07,0,1,0,0,0,0,1,0
PHX," 701,600 ",10,353.69,0,1,0,0,0,0,0,1
MSP," 644,236 ",10,396.02,0,1,0,0,0,1,0,0
LAS," 631,585 ",10,260.66,0,1,0,0,0,0,0,1
PHL," 607,992 ",10,411.54,0,1,0,0,1,0,0,0
SAN," 568,746 ",10,371.74,0,1,0,0,0,0,0,1
DTW," 565,317 ",10,395.12,0,1,0,0,0,1,0,0
FLL," 536,275 ",10,253.81,0,1,0,0,0,0,1,0
BWI," 536,148 ",10,340.55,0,1,0,0,0,0,1,0
DCA," 516,863 ",10,365.22,0,1,0,0,0,0,1,0
IAH," 498,139 ",10,428.01,0,1,0,0,0,0,1,0
PDX," 481,330 ",10,342.58,0,1,0,0,0,0,0,1
TPA," 452,816 ",10,330.87,0,1,0,0,0,0,1,0
AUS," 412,378 ",10,380.62,0,1,0,0,0,0,1,0
SLC," 391,333 ",10,377.74,0,1,0,0,0,0,0,1
CLT," 386,574 ",10,440.38,0,1,0,0,0,0,1,0
SJC," 384,362 ",10,338.82,0,1,0,0,0,0,0,1
RDU," 364,230 ",10,388.26,0,1,0,0,0,0,1,0
MIA," 353,159 ",10,330.74,0,1,0,0,0,0,1,0
SMF," 353,135 ",10,398.04,0,1,0,0,0,0,0,1
BNA," 351,195 ",10,387.40,0,1,0,0,0,0,1,0
MDW," 339,365 ",10,305.35,0,1,0,0,0,1,0,0
OAK," 330,576 ",10,321.97,0,1,0,0,0,0,0,1
STL," 315,638 ",10,389.77,0,1,0,0,0,1,0,0
MCI," 299,998 ",10,374.88,0,1,0,0,0,1,0,0
HNL," 295,221 ",10,401.04,0,1,0,0,0,0,0,1
IAD," 283,462 ",10,458.39,0,1,0,0,0,0,1,0
DAL," 279,833 ",10,310.51,0,1,0,0,0,0,1,0
CLE," 275,412 ",10,333.07,0,1,0,0,0,1,0,0
MSY," 267,473 ",10,323.56,0,1,0,0,0,0,1,0
IND," 266,197 ",10,372.87,0,1,0,0,0,1,0,0
PIT," 264,483 ",10,391.35,0,1,0,0,1,0,0,0
SNA," 253,110 ",10,387.52,0,1,0,0,0,0,0,1
CVG," 250,926 ",10,360.25,0,1,0,0,0,1,0,0
SAT," 238,614 ",10,403.49,0,1,0,0,0,0,1,0
HOU," 235,116 ",10,354.52,0,1,0,0,0,0,1,0
CMH," 231,767 ",10,388.97,0,1,0,0,0,1,0,0
BDL," 206,307 ",10,410.38,0,1,0,0,1,0,0,0
SJU," 200,811 ",10,319.78,0,1,0,0,0,0,1,0
MKE," 196,915 ",10,356.87,0,1,0,0,0,1,0,0
RSW," 178,463 ",10,330.25,0,1,0,0,0,0,1,0
JAX," 172,463 ",10,416.39,0,1,0,0,0,0,1,0
BUR," 167,487 ",10,296.10,0,1,0,0,0,0,0,1
PBI," 158,587 ",10,343.69,0,1,0,0,0,0,1,0
ONT," 157,682 ",10,377.07,0,1,0,0,0,0,0,1
BUF," 144,958 ",10,337.00,0,1,0,0,1,0,0,0
OMA," 140,073 ",10,398.33,0,1,0,0,0,1,0,0
ABQ," 128,946 ",10,402.01,0,1,0,0,0,0,0,1
RIC," 126,251 ",10,470.16,0,1,0,0,0,0,1,0
MEM," 124,411 ",10,425.71,0,1,0,0,0,0,1,0
PVD," 117,256 ",10,379.29,0,1,0,0,1,0,0,0
OKC," 117,098 ",10,432.65,0,1,0,0,0,0,1,0
BOI," 112,882 ",10,367.38,0,1,0,0,0,0,0,1
ORF," 109,959 ",10,468.01,0,1,0,0,0,0,1,0
GRR," 108,277 ",10,448.10,0,1,0,0,0,1,0,0
SDF," 107,604 ",10,455.87,0,1,0,0,0,0,1,0
GEG," 107,090 ",10,382.03,0,1,0,0,0,0,0,1
CHS," 106,675 ",10,403.65,0,1,0,0,0,0,1,0
ANC," 106,205 ",10,441.47,0,1,0,0,0,0,0,1
RNO," 101,528 ",10,359.93,0,1,0,0,0,0,0,1
LGB," 99,852 ",10,223.25,0,1,0,0,0,0,0,1
OGG," 99,815 ",10,322.14,0,1,0,0,0,0,0,1
ELP," 97,152 ",10,413.15,0,1,0,0,0,0,1,0
TUS," 96,391 ",10,410.25,0,1,0,0,0,0,0,1
ALB," 89,018 ",10,421.56,0,1,0,0,1,0,0,0
DSM," 83,986 ",10,404.26,0,1,0,0,0,1,0,0
BHM," 83,344 ",10,495.78,0,1,0,0,0,0,1,0
TUL," 81,978 ",10,445.92,0,1,0,0,0,0,1,0
SYR," 77,477 ",10,467.18,0,1,0,0,1,0,0,0
ROC," 76,097 ",10,412.46,0,1,0,0,1,0,0,0
GSP," 68,771 ",10,451.13,0,1,0,0,0,0,1,0
MSN," 67,555 ",10,533.40,0,1,0,0,0,1,0,0
TYS," 65,985 ",10,491.90,0,1,0,0,0,0,1,0
LIT," 59,997 ",10,471.03,0,1,0,0,0,0,1,0
KOA," 58,932 ",10,328.27,0,1,0,0,0,0,0,1
PWM," 58,841 ",10,430.24,0,1,0,0,1,0,0,0
SAV," 58,711 ",10,431.98,0,1,0,0,0,0,1,0
GSO," 56,458 ",10,488.92,0,1,0,0,0,0,1,0
HPN," 55,315 ",10,440.59,0,1,0,0,1,0,0,0
SFB," 52,979 ",10,130.13,0,1,0,0,0,0,1,0
PNS," 51,668 ",10,487.25,0,1,0,0,0,0,1,0
LIH," 50,998 ",10,302.72,0,1,0,0,0,0,0,1
FAT," 50,668 ",10,495.88,0,1,0,0,0,0,0,1
MHT," 50,192 ",10,400.82,0,1,0,0,1,0,0,0
ICT," 49,142 ",10,421.29,0,1,0,0,0,1,0,0
DAY," 46,771 ",10,422.15,0,1,0,0,0,1,0,0
XNA," 46,289 ",10,587.15,0,1,0,0,0,0,1,0
ISP," 46,103 ",10,357.95,0,1,0,0,1,0,0,0
PIE," 44,522 ",10,135.47,0,1,0,0,0,0,1,0
LAX," 1,401,452 ",11,357.13,0,0,1,0,0,0,0,1
ORD," 1,118,136 ",11,306.47,0,0,1,0,0,1,0,0
DEN," 1,035,031 ",11,291.95,0,0,1,0,0,0,0,1
ATL," 980,434 ",11,354.45,0,0,1,0,0,0,1,0
BOS," 935,978 ",11,337.77,0,0,1,0,1,0,0,0
SFO," 912,366 ",11,378.08,0,0,1,0,0,0,0,1
SEA," 902,901 ",11,338.53,0,0,1,0,0,0,0,1
EWR," 849,241 ",11,410.28,0,0,1,0,1,0,0,0
DFW," 819,377 ",11,368.32,0,0,1,0,0,0,1,0
JFK," 760,592 ",11,401.58,0,0,1,0,1,0,0,0
LGA," 720,310 ",11,311.90,0,0,1,0,1,0,0,0
MCO," 709,887 ",11,245.29,0,0,1,0,0,0,1,0
PHX," 701,600 ",11,335.00,0,0,1,0,0,0,0,1
MSP," 644,236 ",11,373.89,0,0,1,0,0,1,0,0
LAS," 631,585 ",11,236.47,0,0,1,0,0,0,0,1
PHL," 607,992 ",11,387.12,0,0,1,0,1,0,0,0
SAN," 568,746 ",11,338.04,0,0,1,0,0,0,0,1
DTW," 565,317 ",11,366.94,0,0,1,0,0,1,0,0
FLL," 536,275 ",11,240.27,0,0,1,0,0,0,1,0
BWI," 536,148 ",11,322.23,0,0,1,0,0,0,1,0
DCA," 516,863 ",11,338.84,0,0,1,0,0,0,1,0
IAH," 498,139 ",11,400.31,0,0,1,0,0,0,1,0
PDX," 481,330 ",11,327.72,0,0,1,0,0,0,0,1
TPA," 452,816 ",11,320.03,0,0,1,0,0,0,1,0
AUS," 412,378 ",11,346.42,0,0,1,0,0,0,1,0
SLC," 391,333 ",11,350.50,0,0,1,0,0,0,0,1
CLT," 386,574 ",11,425.94,0,0,1,0,0,0,1,0
SJC," 384,362 ",11,317.62,0,0,1,0,0,0,0,1
RDU," 364,230 ",11,359.95,0,0,1,0,0,0,1,0
MIA," 353,159 ",11,315.92,0,0,1,0,0,0,1,0
SMF," 353,135 ",11,363.85,0,0,1,0,0,0,0,1
BNA," 351,195 ",11,365.51,0,0,1,0,0,0,1,0
MDW," 339,365 ",11,273.61,0,0,1,0,0,1,0,0
OAK," 330,576 ",11,303.65,0,0,1,0,0,0,0,1
STL," 315,638 ",11,376.12,0,0,1,0,0,1,0,0
MCI," 299,998 ",11,353.65,0,0,1,0,0,1,0,0
HNL," 295,221 ",11,373.89,0,0,1,0,0,0,0,1
IAD," 283,462 ",11,428.59,0,0,1,0,0,0,1,0
DAL," 279,833 ",11,300.07,0,0,1,0,0,0,1,0
CLE," 275,412 ",11,300.18,0,0,1,0,0,1,0,0
MSY," 267,473 ",11,295.60,0,0,1,0,0,0,1,0
IND," 266,197 ",11,351.27,0,0,1,0,0,1,0,0
PIT," 264,483 ",11,351.68,0,0,1,0,1,0,0,0
SNA," 253,110 ",11,358.58,0,0,1,0,0,0,0,1
CVG," 250,926 ",11,314.41,0,0,1,0,0,1,0,0
SAT," 238,614 ",11,379.68,0,0,1,0,0,0,1,0
HOU," 235,116 ",11,332.04,0,0,1,0,0,0,1,0
CMH," 231,767 ",11,369.28,0,0,1,0,0,1,0,0
BDL," 206,307 ",11,379.29,0,0,1,0,1,0,0,0
SJU," 200,811 ",11,310.93,0,0,1,0,0,0,1,0
MKE," 196,915 ",11,332.61,0,0,1,0,0,1,0,0
RSW," 178,463 ",11,326.78,0,0,1,0,0,0,1,0
JAX," 172,463 ",11,392.83,0,0,1,0,0,0,1,0
BUR," 167,487 ",11,280.02,0,0,1,0,0,0,0,1
PBI," 158,587 ",11,330.02,0,0,1,0,0,0,1,0
ONT," 157,682 ",11,354.53,0,0,1,0,0,0,0,1
BUF," 144,958 ",11,325.68,0,0,1,0,1,0,0,0
OMA," 140,073 ",11,367.17,0,0,1,0,0,1,0,0
ABQ," 128,946 ",11,377.52,0,0,1,0,0,0,0,1
RIC," 126,251 ",11,434.05,0,0,1,0,0,0,1,0
MEM," 124,411 ",11,396.65,0,0,1,0,0,0,1,0
PVD," 117,256 ",11,346.93,0,0,1,0,1,0,0,0
OKC," 117,098 ",11,408.02,0,0,1,0,0,0,1,0
BOI," 112,882 ",11,350.29,0,0,1,0,0,0,0,1
ORF," 109,959 ",11,441.38,0,0,1,0,0,0,1,0
GRR," 108,277 ",11,433.03,0,0,1,0,0,1,0,0
SDF," 107,604 ",11,413.07,0,0,1,0,0,0,1,0
GEG," 107,090 ",11,354.04,0,0,1,0,0,0,0,1
CHS," 106,675 ",11,377.38,0,0,1,0,0,0,1,0
ANC," 106,205 ",11,423.29,0,0,1,0,0,0,0,1
RNO," 101,528 ",11,353.95,0,0,1,0,0,0,0,1
LGB," 99,852 ",11,215.49,0,0,1,0,0,0,0,1
OGG," 99,815 ",11,303.05,0,0,1,0,0,0,0,1
ELP," 97,152 ",11,402.94,0,0,1,0,0,0,1,0
TUS," 96,391 ",11,394.44,0,0,1,0,0,0,0,1
ALB," 89,018 ",11,425.96,0,0,1,0,1,0,0,0
DSM," 83,986 ",11,388.37,0,0,1,0,0,1,0,0
BHM," 83,344 ",11,478.51,0,0,1,0,0,0,1,0
TUL," 81,978 ",11,420.80,0,0,1,0,0,0,1,0
SYR," 77,477 ",11,448.78,0,0,1,0,1,0,0,0
ROC," 76,097 ",11,389.41,0,0,1,0,1,0,0,0
GSP," 68,771 ",11,426.71,0,0,1,0,0,0,1,0
MSN," 67,555 ",11,484.88,0,0,1,0,0,1,0,0
TYS," 65,985 ",11,464.81,0,0,1,0,0,0,1,0
LIT," 59,997 ",11,465.74,0,0,1,0,0,0,1,0
KOA," 58,932 ",11,311.86,0,0,1,0,0,0,0,1
PWM," 58,841 ",11,419.79,0,0,1,0,1,0,0,0
SAV," 58,711 ",11,389.89,0,0,1,0,0,0,1,0
GSO," 56,458 ",11,437.46,0,0,1,0,0,0,1,0
HPN," 55,315 ",11,390.29,0,0,1,0,1,0,0,0
SFB," 52,979 ",11,127.83,0,0,1,0,0,0,1,0
PNS," 51,668 ",11,447.95,0,0,1,0,0,0,1,0
LIH," 50,998 ",11,288.51,0,0,1,0,0,0,0,1
FAT," 50,668 ",11,456.57,0,0,1,0,0,0,0,1
MHT," 50,192 ",11,381.17,0,0,1,0,1,0,0,0
ICT," 49,142 ",11,403.90,0,0,1,0,0,1,0,0
DAY," 46,771 ",11,418.81,0,0,1,0,0,1,0,0
XNA," 46,289 ",11,558.47,0,0,1,0,0,0,1,0
ISP," 46,103 ",11,332.86,0,0,1,0,1,0,0,0
PIE," 44,522 ",11,130.71,0,0,1,0,0,0,1,0
LAX," 1,401,452 ",12,376.01,0,0,0,1,0,0,0,1
ORD," 1,118,136 ",12,338.66,0,0,0,1,0,1,0,0
DEN," 1,035,031 ",12,315.08,0,0,0,1,0,0,0,1
ATL," 980,434 ",12,370.54,0,0,0,1,0,0,1,0
BOS," 935,978 ",12,347.81,0,0,0,1,1,0,0,0
SFO," 912,366 ",12,402.27,0,0,0,1,0,0,0,1
SEA," 902,901 ",12,361.60,0,0,0,1,0,0,0,1
EWR," 849,241 ",12,429.15,0,0,0,1,1,0,0,0
DFW," 819,377 ",12,374.90,0,0,0,1,0,0,1,0
JFK," 760,592 ",12,426.06,0,0,0,1,1,0,0,0
LGA," 720,310 ",12,345.39,0,0,0,1,1,0,0,0
MCO," 709,887 ",12,257.05,0,0,0,1,0,0,1,0
PHX," 701,600 ",12,342.34,0,0,0,1,0,0,0,1
MSP," 644,236 ",12,381.81,0,0,0,1,0,1,0,0
LAS," 631,585 ",12,244.17,0,0,0,1,0,0,0,1
PHL," 607,992 ",12,403.59,0,0,0,1,1,0,0,0
SAN," 568,746 ",12,347.67,0,0,0,1,0,0,0,1
DTW," 565,317 ",12,388.59,0,0,0,1,0,1,0,0
FLL," 536,275 ",12,247.45,0,0,0,1,0,0,1,0
BWI," 536,148 ",12,322.66,0,0,0,1,0,0,1,0
DCA," 516,863 ",12,364.98,0,0,0,1,0,0,1,0
IAH," 498,139 ",12,434.05,0,0,0,1,0,0,1,0
PDX," 481,330 ",12,343.67,0,0,0,1,0,0,0,1
TPA," 452,816 ",12,320.04,0,0,0,1,0,0,1,0
AUS," 412,378 ",12,361.87,0,0,0,1,0,0,1,0
SLC," 391,333 ",12,366.39,0,0,0,1,0,0,0,1
CLT," 386,574 ",12,431.06,0,0,0,1,0,0,1,0
SJC," 384,362 ",12,314.95,0,0,0,1,0,0,0,1
RDU," 364,230 ",12,369.78,0,0,0,1,0,0,1,0
MIA," 353,159 ",12,305.24,0,0,0,1,0,0,1,0
SMF," 353,135 ",12,350.50,0,0,0,1,0,0,0,1
BNA," 351,195 ",12,369.45,0,0,0,1,0,0,1,0
MDW," 339,365 ",12,298.95,0,0,0,1,0,1,0,0
OAK," 330,576 ",12,300.03,0,0,0,1,0,0,0,1
STL," 315,638 ",12,372.95,0,0,0,1,0,1,0,0
MCI," 299,998 ",12,358.89,0,0,0,1,0,1,0,0
HNL," 295,221 ",12,395.98,0,0,0,1,0,0,0,1
IAD," 283,462 ",12,437.03,0,0,0,1,0,0,1,0
DAL," 279,833 ",12,304.63,0,0,0,1,0,0,1,0
CLE," 275,412 ",12,329.84,0,0,0,1,0,1,0,0
MSY," 267,473 ",12,308.60,0,0,0,1,0,0,1,0
IND," 266,197 ",12,365.17,0,0,0,1,0,1,0,0
PIT," 264,483 ",12,363.36,0,0,0,1,1,0,0,0
SNA," 253,110 ",12,363.48,0,0,0,1,0,0,0,1
CVG," 250,926 ",12,339.69,0,0,0,1,0,1,0,0
SAT," 238,614 ",12,375.48,0,0,0,1,0,0,1,0
HOU," 235,116 ",12,340.15,0,0,0,1,0,0,1,0
CMH," 231,767 ",12,374.87,0,0,0,1,0,1,0,0
BDL," 206,307 ",12,388.54,0,0,0,1,1,0,0,0
SJU," 200,811 ",12,291.74,0,0,0,1,0,0,1,0
MKE," 196,915 ",12,347.65,0,0,0,1,0,1,0,0
RSW," 178,463 ",12,326.33,0,0,0,1,0,0,1,0
JAX," 172,463 ",12,398.89,0,0,0,1,0,0,1,0
BUR," 167,487 ",12,268.87,0,0,0,1,0,0,0,1
PBI," 158,587 ",12,341.31,0,0,0,1,0,0,1,0
ONT," 157,682 ",12,335.92,0,0,0,1,0,0,0,1
BUF," 144,958 ",12,327.08,0,0,0,1,1,0,0,0
OMA," 140,073 ",12,378.63,0,0,0,1,0,1,0,0
ABQ," 128,946 ",12,365.05,0,0,0,1,0,0,0,1
RIC," 126,251 ",12,438.80,0,0,0,1,0,0,1,0
MEM," 124,411 ",12,397.87,0,0,0,1,0,0,1,0
PVD," 117,256 ",12,333.04,0,0,0,1,1,0,0,0
OKC," 117,098 ",12,406.07,0,0,0,1,0,0,1,0
BOI," 112,882 ",12,360.95,0,0,0,1,0,0,0,1
ORF," 109,959 ",12,432.41,0,0,0,1,0,0,1,0
GRR," 108,277 ",12,421.60,0,0,0,1,0,1,0,0
SDF," 107,604 ",12,409.41,0,0,0,1,0,0,1,0
GEG," 107,090 ",12,363.74,0,0,0,1,0,0,0,1
CHS," 106,675 ",12,386.51,0,0,0,1,0,0,1,0
ANC," 106,205 ",12,485.06,0,0,0,1,0,0,0,1
RNO," 101,528 ",12,348.09,0,0,0,1,0,0,0,1
LGB," 99,852 ",12,205.61,0,0,0,1,0,0,0,1
OGG," 99,815 ",12,308.09,0,0,0,1,0,0,0,1
ELP," 97,152 ",12,397.16,0,0,0,1,0,0,1,0
TUS," 96,391 ",12,402.84,0,0,0,1,0,0,0,1
ALB," 89,018 ",12,421.46,0,0,0,1,1,0,0,0
DSM," 83,986 ",12,397.34,0,0,0,1,0,1,0,0
BHM," 83,344 ",12,472.93,0,0,0,1,0,0,1,0
TUL," 81,978 ",12,407.94,0,0,0,1,0,0,1,0
SYR," 77,477 ",12,438.80,0,0,0,1,1,0,0,0
ROC," 76,097 ",12,387.01,0,0,0,1,1,0,0,0
GSP," 68,771 ",12,420.97,0,0,0,1,0,0,1,0
MSN," 67,555 ",12,499.55,0,0,0,1,0,1,0,0
TYS," 65,985 ",12,463.72,0,0,0,1,0,0,1,0
LIT," 59,997 ",12,447.24,0,0,0,1,0,0,1,0
KOA," 58,932 ",12,323.44,0,0,0,1,0,0,0,1
PWM," 58,841 ",12,395.57,0,0,0,1,1,0,0,0
SAV," 58,711 ",12,423.94,0,0,0,1,0,0,1,0
GSO," 56,458 ",12,444.77,0,0,0,1,0,0,1,0
HPN," 55,315 ",12,438.34,0,0,0,1,1,0,0,0
SFB," 52,979 ",12,134.17,0,0,0,1,0,0,1,0
PNS," 51,668 ",12,464.49,0,0,0,1,0,0,1,0
LIH," 50,998 ",12,294.19,0,0,0,1,0,0,0,1
FAT," 50,668 ",12,457.47,0,0,0,1,0,0,0,1
MHT," 50,192 ",12,389.20,0,0,0,1,1,0,0,0
ICT," 49,142 ",12,417.73,0,0,0,1,0,1,0,0
DAY," 46,771 ",12,414.50,0,0,0,1,0,1,0,0
XNA," 46,289 ",12,545.77,0,0,0,1,0,0,1,0
ISP," 46,103 ",12,275.53,0,0,0,1,1,0,0,0
PIE," 44,522 ",12,132.79,0,0,0,1,0,0,1,0
LAX," 1,401,452 ",13,348.49,1,0,0,0,0,0,0,1
ORD," 1,118,136 ",13,352.85,1,0,0,0,0,1,0,0
DEN," 1,035,031 ",13,309.30,1,0,0,0,0,0,0,1
ATL," 980,434 ",13,373.55,1,0,0,0,0,0,1,0
BOS," 935,978 ",13,334.41,1,0,0,0,1,0,0,0
SFO," 912,366 ",13,377.52,1,0,0,0,0,0,0,1
SEA," 902,901 ",13,343.23,1,0,0,0,0,0,0,1
EWR," 849,241 ",13,421.58,1,0,0,0,1,0,0,0
DFW," 819,377 ",13,394.23,1,0,0,0,0,0,1,0
JFK," 760,592 ",13,411.18,1,0,0,0,1,0,0,0
LGA," 720,310 ",13,331.45,1,0,0,0,1,0,0,0
MCO," 709,887 ",13,255.14,1,0,0,0,0,0,1,0
PHX," 701,600 ",13,331.87,1,0,0,0,0,0,0,1
MSP," 644,236 ",13,403.16,1,0,0,0,0,1,0,0
LAS," 631,585 ",13,250.73,1,0,0,0,0,0,0,1
PHL," 607,992 ",13,391.61,1,0,0,0,1,0,0,0
SAN," 568,746 ",13,327.92,1,0,0,0,0,0,0,1
DTW," 565,317 ",13,393.84,1,0,0,0,0,1,0,0
FLL," 536,275 ",13,253.70,1,0,0,0,0,0,1,0
BWI," 536,148 ",13,321.62,1,0,0,0,0,0,1,0
DCA," 516,863 ",13,362.67,1,0,0,0,0,0,1,0
IAH," 498,139 ",13,435.00,1,0,0,0,0,0,1,0
PDX," 481,330 ",13,337.16,1,0,0,0,0,0,0,1
TPA," 452,816 ",13,309.85,1,0,0,0,0,0,1,0
AUS," 412,378 ",13,360.69,1,0,0,0,0,0,1,0
SLC," 391,333 ",13,372.40,1,0,0,0,0,0,0,1
CLT," 386,574 ",13,443.75,1,0,0,0,0,0,1,0
SJC," 384,362 ",13,290.35,1,0,0,0,0,0,0,1
RDU," 364,230 ",13,360.27,1,0,0,0,0,0,1,0
MIA," 353,159 ",13,330.13,1,0,0,0,0,0,1,0
SMF," 353,135 ",13,338.14,1,0,0,0,0,0,0,1
BNA," 351,195 ",13,363.88,1,0,0,0,0,0,1,0
MDW," 339,365 ",13,306.40,1,0,0,0,0,1,0,0
OAK," 330,576 ",13,282.08,1,0,0,0,0,0,0,1
STL," 315,638 ",13,372.18,1,0,0,0,0,1,0,0
MCI," 299,998 ",13,362.49,1,0,0,0,0,1,0,0
HNL," 295,221 ",13,369.91,1,0,0,0,0,0,0,1
IAD," 283,462 ",13,442.48,1,0,0,0,0,0,1,0
DAL," 279,833 ",13,300.85,1,0,0,0,0,0,1,0
CLE," 275,412 ",13,330.67,1,0,0,0,0,1,0,0
MSY," 267,473 ",13,310.08,1,0,0,0,0,0,1,0
IND," 266,197 ",13,351.90,1,0,0,0,0,1,0,0
PIT," 264,483 ",13,353.31,1,0,0,0,1,0,0,0
SNA," 253,110 ",13,361.12,1,0,0,0,0,0,0,1
CVG," 250,926 ",13,338.79,1,0,0,0,0,1,0,0
SAT," 238,614 ",13,371.64,1,0,0,0,0,0,1,0
HOU," 235,116 ",13,333.46,1,0,0,0,0,0,1,0
CMH," 231,767 ",13,374.44,1,0,0,0,0,1,0,0
BDL," 206,307 ",13,370.42,1,0,0,0,1,0,0,0
SJU," 200,811 ",13,276.75,1,0,0,0,0,0,1,0
MKE," 196,915 ",13,339.98,1,0,0,0,0,1,0,0
RSW," 178,463 ",13,302.78,1,0,0,0,0,0,1,0
JAX," 172,463 ",13,393.22,1,0,0,0,0,0,1,0
BUR," 167,487 ",13,261.36,1,0,0,0,0,0,0,1
PBI," 158,587 ",13,345.02,1,0,0,0,0,0,1,0
ONT," 157,682 ",13,326.36,1,0,0,0,0,0,0,1
BUF," 144,958 ",13,327.61,1,0,0,0,1,0,0,0
OMA," 140,073 ",13,374.01,1,0,0,0,0,1,0,0
ABQ," 128,946 ",13,340.67,1,0,0,0,0,0,0,1
RIC," 126,251 ",13,430.37,1,0,0,0,0,0,1,0
MEM," 124,411 ",13,405.85,1,0,0,0,0,0,1,0
PVD," 117,256 ",13,319.46,1,0,0,0,1,0,0,0
OKC," 117,098 ",13,404.67,1,0,0,0,0,0,1,0
BOI," 112,882 ",13,357.98,1,0,0,0,0,0,0,1
ORF," 109,959 ",13,429.34,1,0,0,0,0,0,1,0
GRR," 108,277 ",13,394.01,1,0,0,0,0,1,0,0
SDF," 107,604 ",13,403.19,1,0,0,0,0,0,1,0
GEG," 107,090 ",13,362.04,1,0,0,0,0,0,0,1
CHS," 106,675 ",13,391.49,1,0,0,0,0,0,1,0
ANC," 106,205 ",13,477.89,1,0,0,0,0,0,0,1
RNO," 101,528 ",13,348.91,1,0,0,0,0,0,0,1
LGB," 99,852 ",13,188.92,1,0,0,0,0,0,0,1
OGG," 99,815 ",13,318.24,1,0,0,0,0,0,0,1
ELP," 97,152 ",13,389.40,1,0,0,0,0,0,1,0
TUS," 96,391 ",13,393.66,1,0,0,0,0,0,0,1
ALB," 89,018 ",13,411.67,1,0,0,0,1,0,0,0
DSM," 83,986 ",13,394.12,1,0,0,0,0,1,0,0
BHM," 83,344 ",13,470.34,1,0,0,0,0,0,1,0
TUL," 81,978 ",13,410.27,1,0,0,0,0,0,1,0
SYR," 77,477 ",13,410.02,1,0,0,0,1,0,0,0
ROC," 76,097 ",13,383.64,1,0,0,0,1,0,0,0
GSP," 68,771 ",13,441.75,1,0,0,0,0,0,1,0
MSN," 67,555 ",13,500.31,1,0,0,0,0,1,0,0
TYS," 65,985 ",13,473.58,1,0,0,0,0,0,1,0
LIT," 59,997 ",13,452.12,1,0,0,0,0,0,1,0
KOA," 58,932 ",13,331.92,1,0,0,0,0,0,0,1
PWM," 58,841 ",13,385.08,1,0,0,0,1,0,0,0
SAV," 58,711 ",13,422.87,1,0,0,0,0,0,1,0
GSO," 56,458 ",13,459.85,1,0,0,0,0,0,1,0
HPN," 55,315 ",13,443.97,1,0,0,0,1,0,0,0
SFB," 52,979 ",13,121.69,1,0,0,0,0,0,1,0
PNS," 51,668 ",13,459.17,1,0,0,0,0,0,1,0
LIH," 50,998 ",13,296.46,1,0,0,0,0,0,0,1
FAT," 50,668 ",13,422.46,1,0,0,0,0,0,0,1
MHT," 50,192 ",13,382.71,1,0,0,0,1,0,0,0
ICT," 49,142 ",13,413.06,1,0,0,0,0,1,0,0
DAY," 46,771 ",13,417.39,1,0,0,0,0,1,0,0
XNA," 46,289 ",13,570.02,1,0,0,0,0,0,1,0
ISP," 46,103 ",13,260.82,1,0,0,0,1,0,0,0
PIE," 44,522 ",13,124.49,1,0,0,0,0,0,1,0
LAX," 1,401,452 ",14,361.80,0,1,0,0,0,0,0,1
ORD," 1,118,136 ",14,336.60,0,1,0,0,0,1,0,0
DEN," 1,035,031 ",14,310.92,0,1,0,0,0,0,0,1
ATL," 980,434 ",14,366.32,0,1,0,0,0,0,1,0
BOS," 935,978 ",14,334.76,0,1,0,0,1,0,0,0
SFO," 912,366 ",14,386.74,0,1,0,0,0,0,0,1
SEA," 902,901 ",14,347.31,0,1,0,0,0,0,0,1
EWR," 849,241 ",14,404.06,0,1,0,0,1,0,0,0
DFW," 819,377 ",14,385.25,0,1,0,0,0,0,1,0
JFK," 760,592 ",14,388.65,0,1,0,0,1,0,0,0
LGA," 720,310 ",14,332.71,0,1,0,0,1,0,0,0
MCO," 709,887 ",14,256.88,0,1,0,0,0,0,1,0
PHX," 701,600 ",14,348.46,0,1,0,0,0,0,0,1
MSP," 644,236 ",14,370.62,0,1,0,0,0,1,0,0
LAS," 631,585 ",14,247.02,0,1,0,0,0,0,0,1
PHL," 607,992 ",14,382.47,0,1,0,0,1,0,0,0
SAN," 568,746 ",14,336.22,0,1,0,0,0,0,0,1
DTW," 565,317 ",14,375.02,0,1,0,0,0,1,0,0
FLL," 536,275 ",14,246.06,0,1,0,0,0,0,1,0
BWI," 536,148 ",14,324.14,0,1,0,0,0,0,1,0
DCA," 516,863 ",14,366.56,0,1,0,0,0,0,1,0
IAH," 498,139 ",14,424.00,0,1,0,0,0,0,1,0
PDX," 481,330 ",14,337.58,0,1,0,0,0,0,0,1
TPA," 452,816 ",14,319.37,0,1,0,0,0,0,1,0
AUS," 412,378 ",14,348.67,0,1,0,0,0,0,1,0
SLC," 391,333 ",14,368.36,0,1,0,0,0,0,0,1
CLT," 386,574 ",14,436.99,0,1,0,0,0,0,1,0
SJC," 384,362 ",14,312.15,0,1,0,0,0,0,0,1
RDU," 364,230 ",14,356.01,0,1,0,0,0,0,1,0
MIA," 353,159 ",14,325.44,0,1,0,0,0,0,1,0
SMF," 353,135 ",14,360.81,0,1,0,0,0,0,0,1
BNA," 351,195 ",14,374.65,0,1,0,0,0,0,1,0
MDW," 339,365 ",14,308.93,0,1,0,0,0,1,0,0
OAK," 330,576 ",14,295.23,0,1,0,0,0,0,0,1
STL," 315,638 ",14,377.36,0,1,0,0,0,1,0,0
MCI," 299,998 ",14,362.07,0,1,0,0,0,1,0,0
HNL," 295,221 ",14,394.55,0,1,0,0,0,0,0,1
IAD," 283,462 ",14,435.35,0,1,0,0,0,0,1,0
DAL," 279,833 ",14,312.07,0,1,0,0,0,0,1,0
CLE," 275,412 ",14,325.66,0,1,0,0,0,1,0,0
MSY," 267,473 ",14,315.48,0,1,0,0,0,0,1,0
IND," 266,197 ",14,350.53,0,1,0,0,0,1,0,0
PIT," 264,483 ",14,356.25,0,1,0,0,1,0,0,0
SNA," 253,110 ",14,375.37,0,1,0,0,0,0,0,1
CVG," 250,926 ",14,321.38,0,1,0,0,0,1,0,0
SAT," 238,614 ",14,378.34,0,1,0,0,0,0,1,0
HOU," 235,116 ",14,355.38,0,1,0,0,0,0,1,0
CMH," 231,767 ",14,366.83,0,1,0,0,0,1,0,0
BDL," 206,307 ",14,394.58,0,1,0,0,1,0,0,0
SJU," 200,811 ",14,263.89,0,1,0,0,0,0,1,0
MKE," 196,915 ",14,342.22,0,1,0,0,0,1,0,0
RSW," 178,463 ",14,330.15,0,1,0,0,0,0,1,0
JAX," 172,463 ",14,378.46,0,1,0,0,0,0,1,0
BUR," 167,487 ",14,271.87,0,1,0,0,0,0,0,1
PBI," 158,587 ",14,334.64,0,1,0,0,0,0,1,0
ONT," 157,682 ",14,349.10,0,1,0,0,0,0,0,1
BUF," 144,958 ",14,309.77,0,1,0,0,1,0,0,0
OMA," 140,073 ",14,376.67,0,1,0,0,0,1,0,0
ABQ," 128,946 ",14,357.91,0,1,0,0,0,0,0,1
RIC," 126,251 ",14,422.25,0,1,0,0,0,0,1,0
MEM," 124,411 ",14,410.45,0,1,0,0,0,0,1,0
PVD," 117,256 ",14,333.62,0,1,0,0,1,0,0,0
OKC," 117,098 ",14,399.37,0,1,0,0,0,0,1,0
BOI," 112,882 ",14,359.48,0,1,0,0,0,0,0,1
ORF," 109,959 ",14,431.25,0,1,0,0,0,0,1,0
GRR," 108,277 ",14,405.74,0,1,0,0,0,1,0,0
SDF," 107,604 ",14,410.66,0,1,0,0,0,0,1,0
GEG," 107,090 ",14,360.87,0,1,0,0,0,0,0,1
CHS," 106,675 ",14,369.34,0,1,0,0,0,0,1,0
ANC," 106,205 ",14,450.13,0,1,0,0,0,0,0,1
RNO," 101,528 ",14,356.17,0,1,0,0,0,0,0,1
LGB," 99,852 ",14,213.25,0,1,0,0,0,0,0,1
OGG," 99,815 ",14,311.23,0,1,0,0,0,0,0,1
ELP," 97,152 ",14,382.70,0,1,0,0,0,0,1,0
TUS," 96,391 ",14,405.32,0,1,0,0,0,0,0,1
ALB," 89,018 ",14,406.82,0,1,0,0,1,0,0,0
DSM," 83,986 ",14,394.88,0,1,0,0,0,1,0,0
BHM," 83,344 ",14,458.76,0,1,0,0,0,0,1,0
TUL," 81,978 ",14,408.87,0,1,0,0,0,0,1,0
SYR," 77,477 ",14,404.99,0,1,0,0,1,0,0,0
ROC," 76,097 ",14,367.45,0,1,0,0,1,0,0,0
GSP," 68,771 ",14,451.92,0,1,0,0,0,0,1,0
MSN," 67,555 ",14,480.04,0,1,0,0,0,1,0,0
TYS," 65,985 ",14,469.62,0,1,0,0,0,0,1,0
LIT," 59,997 ",14,443.62,0,1,0,0,0,0,1,0
KOA," 58,932 ",14,311.78,0,1,0,0,0,0,0,1
PWM," 58,841 ",14,386.92,0,1,0,0,1,0,0,0
SAV," 58,711 ",14,391.90,0,1,0,0,0,0,1,0
GSO," 56,458 ",14,458.26,0,1,0,0,0,0,1,0
HPN," 55,315 ",14,422.75,0,1,0,0,1,0,0,0
SFB," 52,979 ",14,122.44,0,1,0,0,0,0,1,0
PNS," 51,668 ",14,448.72,0,1,0,0,0,0,1,0
LIH," 50,998 ",14,286.27,0,1,0,0,0,0,0,1
FAT," 50,668 ",14,440.41,0,1,0,0,0,0,0,1
MHT," 50,192 ",14,390.65,0,1,0,0,1,0,0,0
ICT," 49,142 ",14,417.06,0,1,0,0,0,1,0,0
DAY," 46,771 ",14,441.91,0,1,0,0,0,1,0,0
XNA," 46,289 ",14,555.78,0,1,0,0,0,0,1,0
ISP," 46,103 ",14,260.94,0,1,0,0,1,0,0,0
PIE," 44,522 ",14,129.75,0,1,0,0,0,0,1,0
LAX," 1,401,452 ",15,356.60,0,0,1,0,0,0,0,1
ORD," 1,118,136 ",15,335.77,0,0,1,0,0,1,0,0
DEN," 1,035,031 ",15,303.16,0,0,1,0,0,0,0,1
ATL," 980,434 ",15,365.96,0,0,1,0,0,0,1,0
BOS," 935,978 ",15,325.26,0,0,1,0,1,0,0,0
SFO," 912,366 ",15,375.07,0,0,1,0,0,0,0,1
SEA," 902,901 ",15,334.53,0,0,1,0,0,0,0,1
EWR," 849,241 ",15,403.31,0,0,1,0,1,0,0,0
DFW," 819,377 ",15,381.56,0,0,1,0,0,0,1,0
JFK," 760,592 ",15,384.04,0,0,1,0,1,0,0,0
LGA," 720,310 ",15,327.22,0,0,1,0,1,0,0,0
MCO," 709,887 ",15,250.71,0,0,1,0,0,0,1,0
PHX," 701,600 ",15,349.67,0,0,1,0,0,0,0,1
MSP," 644,236 ",15,367.85,0,0,1,0,0,1,0,0
LAS," 631,585 ",15,236.24,0,0,1,0,0,0,0,1
PHL," 607,992 ",15,380.10,0,0,1,0,1,0,0,0
SAN," 568,746 ",15,329.06,0,0,1,0,0,0,0,1
DTW," 565,317 ",15,367.51,0,0,1,0,0,1,0,0
FLL," 536,275 ",15,244.55,0,0,1,0,0,0,1,0
BWI," 536,148 ",15,322.56,0,0,1,0,0,0,1,0
DCA," 516,863 ",15,358.66,0,0,1,0,0,0,1,0
IAH," 498,139 ",15,413.99,0,0,1,0,0,0,1,0
PDX," 481,330 ",15,327.71,0,0,1,0,0,0,0,1
TPA," 452,816 ",15,316.89,0,0,1,0,0,0,1,0
AUS," 412,378 ",15,333.63,0,0,1,0,0,0,1,0
SLC," 391,333 ",15,357.94,0,0,1,0,0,0,0,1
CLT," 386,574 ",15,427.82,0,0,1,0,0,0,1,0
SJC," 384,362 ",15,306.24,0,0,1,0,0,0,0,1
RDU," 364,230 ",15,343.60,0,0,1,0,0,0,1,0
MIA," 353,159 ",15,317.91,0,0,1,0,0,0,1,0
SMF," 353,135 ",15,346.63,0,0,1,0,0,0,0,1
BNA," 351,195 ",15,349.48,0,0,1,0,0,0,1,0
MDW," 339,365 ",15,311.93,0,0,1,0,0,1,0,0
OAK," 330,576 ",15,292.70,0,0,1,0,0,0,0,1
STL," 315,638 ",15,373.02,0,0,1,0,0,1,0,0
MCI," 299,998 ",15,351.21,0,0,1,0,0,1,0,0
HNL," 295,221 ",15,383.50,0,0,1,0,0,0,0,1
IAD," 283,462 ",15,432.64,0,0,1,0,0,0,1,0
DAL," 279,833 ",15,309.54,0,0,1,0,0,0,1,0
CLE," 275,412 ",15,323.03,0,0,1,0,0,1,0,0
MSY," 267,473 ",15,299.59,0,0,1,0,0,0,1,0
IND," 266,197 ",15,347.88,0,0,1,0,0,1,0,0
PIT," 264,483 ",15,356.49,0,0,1,0,1,0,0,0
SNA," 253,110 ",15,377.08,0,0,1,0,0,0,0,1
CVG," 250,926 ",15,316.73,0,0,1,0,0,1,0,0
SAT," 238,614 ",15,352.33,0,0,1,0,0,0,1,0
HOU," 235,116 ",15,348.38,0,0,1,0,0,0,1,0
CMH," 231,767 ",15,364.49,0,0,1,0,0,1,0,0
BDL," 206,307 ",15,377.87,0,0,1,0,1,0,0,0
SJU," 200,811 ",15,278.18,0,0,1,0,0,0,1,0
MKE," 196,915 ",15,339.30,0,0,1,0,0,1,0,0
RSW," 178,463 ",15,325.65,0,0,1,0,0,0,1,0
JAX," 172,463 ",15,355.23,0,0,1,0,0,0,1,0
BUR," 167,487 ",15,278.71,0,0,1,0,0,0,0,1
PBI," 158,587 ",15,335.31,0,0,1,0,0,0,1,0
ONT," 157,682 ",15,342.63,0,0,1,0,0,0,0,1
BUF," 144,958 ",15,309.24,0,0,1,0,1,0,0,0
OMA," 140,073 ",15,350.93,0,0,1,0,0,1,0,0
ABQ," 128,946 ",15,349.38,0,0,1,0,0,0,0,1
RIC," 126,251 ",15,399.47,0,0,1,0,0,0,1,0
MEM," 124,411 ",15,396.93,0,0,1,0,0,0,1,0
PVD," 117,256 ",15,322.73,0,0,1,0,1,0,0,0
OKC," 117,098 ",15,389.95,0,0,1,0,0,0,1,0
BOI," 112,882 ",15,346.92,0,0,1,0,0,0,0,1
ORF," 109,959 ",15,409.79,0,0,1,0,0,0,1,0
GRR," 108,277 ",15,401.40,0,0,1,0,0,1,0,0
SDF," 107,604 ",15,392.73,0,0,1,0,0,0,1,0
GEG," 107,090 ",15,343.51,0,0,1,0,0,0,0,1
CHS," 106,675 ",15,348.04,0,0,1,0,0,0,1,0
ANC," 106,205 ",15,430.11,0,0,1,0,0,0,0,1
RNO," 101,528 ",15,364.49,0,0,1,0,0,0,0,1
LGB," 99,852 ",15,232.80,0,0,1,0,0,0,0,1
OGG," 99,815 ",15,301.03,0,0,1,0,0,0,0,1
ELP," 97,152 ",15,376.20,0,0,1,0,0,0,1,0
TUS," 96,391 ",15,402.44,0,0,1,0,0,0,0,1
ALB," 89,018 ",15,418.41,0,0,1,0,1,0,0,0
DSM," 83,986 ",15,379.60,0,0,1,0,0,1,0,0
BHM," 83,344 ",15,448.70,0,0,1,0,0,0,1,0
TUL," 81,978 ",15,396.10,0,0,1,0,0,0,1,0
SYR," 77,477 ",15,384.38,0,0,1,0,1,0,0,0
ROC," 76,097 ",15,369.75,0,0,1,0,1,0,0,0
GSP," 68,771 ",15,422.82,0,0,1,0,0,0,1,0
MSN," 67,555 ",15,459.66,0,0,1,0,0,1,0,0
TYS," 65,985 ",15,448.48,0,0,1,0,0,0,1,0
LIT," 59,997 ",15,427.17,0,0,1,0,0,0,1,0
KOA," 58,932 ",15,293.14,0,0,1,0,0,0,0,1
PWM," 58,841 ",15,368.38,0,0,1,0,1,0,0,0
SAV," 58,711 ",15,366.69,0,0,1,0,0,0,1,0
GSO," 56,458 ",15,438.65,0,0,1,0,0,0,1,0
HPN," 55,315 ",15,390.96,0,0,1,0,1,0,0,0
SFB," 52,979 ",15,121.52,0,0,1,0,0,0,1,0
PNS," 51,668 ",15,429.85,0,0,1,0,0,0,1,0
LIH," 50,998 ",15,273.02,0,0,1,0,0,0,0,1
FAT," 50,668 ",15,420.31,0,0,1,0,0,0,0,1
MHT," 50,192 ",15,387.16,0,0,1,0,1,0,0,0
ICT," 49,142 ",15,397.04,0,0,1,0,0,1,0,0
DAY," 46,771 ",15,429.99,0,0,1,0,0,1,0,0
XNA," 46,289 ",15,530.26,0,0,1,0,0,0,1,0
ISP," 46,103 ",15,256.41,0,0,1,0,1,0,0,0
PIE," 44,522 ",15,126.45,0,0,1,0,0,0,1,0
LAX," 1,401,452 ",16,380.24,0,0,0,1,0,0,0,1
ORD," 1,118,136 ",16,367.08,0,0,0,1,0,1,0,0
DEN," 1,035,031 ",16,319.35,0,0,0,1,0,0,0,1
ATL," 980,434 ",16,376.99,0,0,0,1,0,0,1,0
BOS," 935,978 ",16,353.04,0,0,0,1,1,0,0,0
SFO," 912,366 ",16,417.96,0,0,0,1,0,0,0,1
SEA," 902,901 ",16,360.56,0,0,0,1,0,0,0,1
EWR," 849,241 ",16,430.66,0,0,0,1,1,0,0,0
DFW," 819,377 ",16,415.62,0,0,0,1,0,0,1,0
JFK," 760,592 ",16,421.22,0,0,0,1,1,0,0,0
LGA," 720,310 ",16,360.46,0,0,0,1,1,0,0,0
MCO," 709,887 ",16,263.00,0,0,0,1,0,0,1,0
PHX," 701,600 ",16,359.19,0,0,0,1,0,0,0,1
MSP," 644,236 ",16,386.40,0,0,0,1,0,1,0,0
LAS," 631,585 ",16,254.68,0,0,0,1,0,0,0,1
PHL," 607,992 ",16,404.61,0,0,0,1,1,0,0,0
SAN," 568,746 ",16,347.27,0,0,0,1,0,0,0,1
DTW," 565,317 ",16,397.79,0,0,0,1,0,1,0,0
FLL," 536,275 ",16,263.98,0,0,0,1,0,0,1,0
BWI," 536,148 ",16,339.66,0,0,0,1,0,0,1,0
DCA," 516,863 ",16,379.35,0,0,0,1,0,0,1,0
IAH," 498,139 ",16,428.46,0,0,0,1,0,0,1,0
PDX," 481,330 ",16,349.33,0,0,0,1,0,0,0,1
TPA," 452,816 ",16,321.69,0,0,0,1,0,0,1,0
AUS," 412,378 ",16,362.41,0,0,0,1,0,0,1,0
SLC," 391,333 ",16,378.50,0,0,0,1,0,0,0,1
CLT," 386,574 ",16,441.43,0,0,0,1,0,0,1,0
SJC," 384,362 ",16,315.75,0,0,0,1,0,0,0,1
RDU," 364,230 ",16,354.82,0,0,0,1,0,0,1,0
MIA," 353,159 ",16,338.95,0,0,0,1,0,0,1,0
SMF," 353,135 ",16,346.34,0,0,0,1,0,0,0,1
BNA," 351,195 ",16,350.29,0,0,0,1,0,0,1,0
MDW," 339,365 ",16,328.46,0,0,0,1,0,1,0,0
OAK," 330,576 ",16,309.49,0,0,0,1,0,0,0,1
STL," 315,638 ",16,370.14,0,0,0,1,0,1,0,0
MCI," 299,998 ",16,355.29,0,0,0,1,0,1,0,0
HNL," 295,221 ",16,388.58,0,0,0,1,0,0,0,1
IAD," 283,462 ",16,445.47,0,0,0,1,0,0,1,0
DAL," 279,833 ",16,322.59,0,0,0,1,0,0,1,0
CLE," 275,412 ",16,334.93,0,0,0,1,0,1,0,0
MSY," 267,473 ",16,313.34,0,0,0,1,0,0,1,0
IND," 266,197 ",16,371.15,0,0,0,1,0,1,0,0
PIT," 264,483 ",16,370.97,0,0,0,1,1,0,0,0
SNA," 253,110 ",16,415.37,0,0,0,1,0,0,0,1
CVG," 250,926 ",16,343.48,0,0,0,1,0,1,0,0
SAT," 238,614 ",16,362.97,0,0,0,1,0,0,1,0
HOU," 235,116 ",16,352.42,0,0,0,1,0,0,1,0
CMH," 231,767 ",16,364.68,0,0,0,1,0,1,0,0
BDL," 206,307 ",16,390.36,0,0,0,1,1,0,0,0
SJU," 200,811 ",16,311.66,0,0,0,1,0,0,1,0
MKE," 196,915 ",16,359.65,0,0,0,1,0,1,0,0
RSW," 178,463 ",16,326.24,0,0,0,1,0,0,1,0
JAX," 172,463 ",16,359.68,0,0,0,1,0,0,1,0
BUR," 167,487 ",16,283.55,0,0,0,1,0,0,0,1
PBI," 158,587 ",16,357.47,0,0,0,1,0,0,1,0
ONT," 157,682 ",16,342.48,0,0,0,1,0,0,0,1
BUF," 144,958 ",16,313.73,0,0,0,1,1,0,0,0
OMA," 140,073 ",16,362.86,0,0,0,1,0,1,0,0
ABQ," 128,946 ",16,368.39,0,0,0,1,0,0,0,1
RIC," 126,251 ",16,403.72,0,0,0,1,0,0,1,0
MEM," 124,411 ",16,396.57,0,0,0,1,0,0,1,0
PVD," 117,256 ",16,347.56,0,0,0,1,1,0,0,0
OKC," 117,098 ",16,391.98,0,0,0,1,0,0,1,0
BOI," 112,882 ",16,355.15,0,0,0,1,0,0,0,1
ORF," 109,959 ",16,410.07,0,0,0,1,0,0,1,0
GRR," 108,277 ",16,392.78,0,0,0,1,0,1,0,0
SDF," 107,604 ",16,384.27,0,0,0,1,0,0,1,0
GEG," 107,090 ",16,353.58,0,0,0,1,0,0,0,1
CHS," 106,675 ",16,359.63,0,0,0,1,0,0,1,0
ANC," 106,205 ",16,511.44,0,0,0,1,0,0,0,1
RNO," 101,528 ",16,352.58,0,0,0,1,0,0,0,1
LGB," 99,852 ",16,250.53,0,0,0,1,0,0,0,1
OGG," 99,815 ",16,294.08,0,0,0,1,0,0,0,1
ELP," 97,152 ",16,385.64,0,0,0,1,0,0,1,0
TUS," 96,391 ",16,405.19,0,0,0,1,0,0,0,1
ALB," 89,018 ",16,403.61,0,0,0,1,1,0,0,0
DSM," 83,986 ",16,389.78,0,0,0,1,0,1,0,0
BHM," 83,344 ",16,447.06,0,0,0,1,0,0,1,0
TUL," 81,978 ",16,404.83,0,0,0,1,0,0,1,0
SYR," 77,477 ",16,387.93,0,0,0,1,1,0,0,0
ROC," 76,097 ",16,372.02,0,0,0,1,1,0,0,0
GSP," 68,771 ",16,412.46,0,0,0,1,0,0,1,0
MSN," 67,555 ",16,460.89,0,0,0,1,0,1,0,0
TYS," 65,985 ",16,451.53,0,0,0,1,0,0,1,0
LIT," 59,997 ",16,426.04,0,0,0,1,0,0,1,0
KOA," 58,932 ",16,292.05,0,0,0,1,0,0,0,1
PWM," 58,841 ",16,358.04,0,0,0,1,1,0,0,0
SAV," 58,711 ",16,380.35,0,0,0,1,0,0,1,0
GSO," 56,458 ",16,432.96,0,0,0,1,0,0,1,0
HPN," 55,315 ",16,447.90,0,0,0,1,1,0,0,0
SFB," 52,979 ",16,137.50,0,0,0,1,0,0,1,0
PNS," 51,668 ",16,431.78,0,0,0,1,0,0,1,0
LIH," 50,998 ",16,272.16,0,0,0,1,0,0,0,1
FAT," 50,668 ",16,429.80,0,0,0,1,0,0,0,1
MHT," 50,192 ",16,392.19,0,0,0,1,1,0,0,0
ICT," 49,142 ",16,400.85,0,0,0,1,0,1,0,0
DAY," 46,771 ",16,436.69,0,0,0,1,0,1,0,0
XNA," 46,289 ",16,550.92,0,0,0,1,0,0,1,0
ISP," 46,103 ",16,294.39,0,0,0,1,1,0,0,0
PIE," 44,522 ",16,143.69,0,0,0,1,0,0,1,0
LAX," 1,401,452 ",17,340.72,1,0,0,0,0,0,0,1
ORD," 1,118,136 ",17,360.47,1,0,0,0,0,1,0,0
DEN," 1,035,031 ",17,308.69,1,0,0,0,0,0,0,1
ATL," 980,434 ",17,384.18,1,0,0,0,0,0,1,0
BOS," 935,978 ",17,334.82,1,0,0,0,1,0,0,0
SFO," 912,366 ",17,385.48,1,0,0,0,0,0,0,1
SEA," 902,901 ",17,331.85,1,0,0,0,0,0,0,1
EWR," 849,241 ",17,410.59,1,0,0,0,1,0,0,0
DFW," 819,377 ",17,412.19,1,0,0,0,0,0,1,0
JFK," 760,592 ",17,390.57,1,0,0,0,1,0,0,0
LGA," 720,310 ",17,332.84,1,0,0,0,1,0,0,0
MCO," 709,887 ",17,257.82,1,0,0,0,0,0,1,0
PHX," 701,600 ",17,344.46,1,0,0,0,0,0,0,1
MSP," 644,236 ",17,400.43,1,0,0,0,0,1,0,0
LAS," 631,585 ",17,249.74,1,0,0,0,0,0,0,1
PHL," 607,992 ",17,386.37,1,0,0,0,1,0,0,0
SAN," 568,746 ",17,318.87,1,0,0,0,0,0,0,1
DTW," 565,317 ",17,397.90,1,0,0,0,0,1,0,0
FLL," 536,275 ",17,268.94,1,0,0,0,0,0,1,0
BWI," 536,148 ",17,324.76,1,0,0,0,0,0,1,0
DCA," 516,863 ",17,369.15,1,0,0,0,0,0,1,0
IAH," 498,139 ",17,427.77,1,0,0,0,0,0,1,0
PDX," 481,330 ",17,335.62,1,0,0,0,0,0,0,1
TPA," 452,816 ",17,308.61,1,0,0,0,0,0,1,0
AUS," 412,378 ",17,349.87,1,0,0,0,0,0,1,0
SLC," 391,333 ",17,393.92,1,0,0,0,0,0,0,1
CLT," 386,574 ",17,438.27,1,0,0,0,0,0,1,0
SJC," 384,362 ",17,283.34,1,0,0,0,0,0,0,1
RDU," 364,230 ",17,343.52,1,0,0,0,0,0,1,0
MIA," 353,159 ",17,343.90,1,0,0,0,0,0,1,0
SMF," 353,135 ",17,321.49,1,0,0,0,0,0,0,1
BNA," 351,195 ",17,339.21,1,0,0,0,0,0,1,0
MDW," 339,365 ",17,317.66,1,0,0,0,0,1,0,0
OAK," 330,576 ",17,280.92,1,0,0,0,0,0,0,1
STL," 315,638 ",17,369.49,1,0,0,0,0,1,0,0
MCI," 299,998 ",17,366.83,1,0,0,0,0,1,0,0
HNL," 295,221 ",17,354.48,1,0,0,0,0,0,0,1
IAD," 283,462 ",17,452.10,1,0,0,0,0,0,1,0
DAL," 279,833 ",17,309.21,1,0,0,0,0,0,1,0
CLE," 275,412 ",17,325.00,1,0,0,0,0,1,0,0
MSY," 267,473 ",17,306.67,1,0,0,0,0,0,1,0
IND," 266,197 ",17,367.37,1,0,0,0,0,1,0,0
PIT," 264,483 ",17,357.59,1,0,0,0,1,0,0,0
SNA," 253,110 ",17,366.26,1,0,0,0,0,0,0,1
CVG," 250,926 ",17,343.92,1,0,0,0,0,1,0,0
SAT," 238,614 ",17,355.37,1,0,0,0,0,0,1,0
HOU," 235,116 ",17,337.06,1,0,0,0,0,0,1,0
CMH," 231,767 ",17,362.18,1,0,0,0,0,1,0,0
BDL," 206,307 ",17,369.59,1,0,0,0,1,0,0,0
SJU," 200,811 ",17,288.83,1,0,0,0,0,0,1,0
MKE," 196,915 ",17,352.49,1,0,0,0,0,1,0,0
RSW," 178,463 ",17,294.89,1,0,0,0,0,0,1,0
JAX," 172,463 ",17,345.64,1,0,0,0,0,0,1,0
BUR," 167,487 ",17,265.87,1,0,0,0,0,0,0,1
PBI," 158,587 ",17,346.06,1,0,0,0,0,0,1,0
ONT," 157,682 ",17,323.94,1,0,0,0,0,0,0,1
BUF," 144,958 ",17,312.51,1,0,0,0,1,0,0,0
OMA," 140,073 ",17,360.01,1,0,0,0,0,1,0,0
ABQ," 128,946 ",17,357.02,1,0,0,0,0,0,0,1
RIC," 126,251 ",17,390.01,1,0,0,0,0,0,1,0
MEM," 124,411 ",17,388.94,1,0,0,0,0,0,1,0
PVD," 117,256 ",17,336.32,1,0,0,0,1,0,0,0
OKC," 117,098 ",17,385.00,1,0,0,0,0,0,1,0
BOI," 112,882 ",17,351.58,1,0,0,0,0,0,0,1
ORF," 109,959 ",17,396.74,1,0,0,0,0,0,1,0
GRR," 108,277 ",17,378.46,1,0,0,0,0,1,0,0
SDF," 107,604 ",17,383.65,1,0,0,0,0,0,1,0
GEG," 107,090 ",17,356.77,1,0,0,0,0,0,0,1
CHS," 106,675 ",17,368.52,1,0,0,0,0,0,1,0
ANC," 106,205 ",17,484.89,1,0,0,0,0,0,0,1
RNO," 101,528 ",17,345.96,1,0,0,0,0,0,0,1
LGB," 99,852 ",17,219.18,1,0,0,0,0,0,0,1
OGG," 99,815 ",17,307.13,1,0,0,0,0,0,0,1
ELP," 97,152 ",17,372.31,1,0,0,0,0,0,1,0
TUS," 96,391 ",17,370.77,1,0,0,0,0,0,0,1
ALB," 89,018 ",17,377.61,1,0,0,0,1,0,0,0
DSM," 83,986 ",17,377.90,1,0,0,0,0,1,0,0
BHM," 83,344 ",17,449.60,1,0,0,0,0,0,1,0
TUL," 81,978 ",17,398.22,1,0,0,0,0,0,1,0
SYR," 77,477 ",17,357.53,1,0,0,0,1,0,0,0
ROC," 76,097 ",17,358.84,1,0,0,0,1,0,0,0
GSP," 68,771 ",17,411.85,1,0,0,0,0,0,1,0
MSN," 67,555 ",17,436.85,1,0,0,0,0,1,0,0
TYS," 65,985 ",17,423.85,1,0,0,0,0,0,1,0
LIT," 59,997 ",17,412.30,1,0,0,0,0,0,1,0
KOA," 58,932 ",17,304.18,1,0,0,0,0,0,0,1
PWM," 58,841 ",17,350.87,1,0,0,0,1,0,0,0
SAV," 58,711 ",17,396.40,1,0,0,0,0,0,1,0
GSO," 56,458 ",17,424.02,1,0,0,0,0,0,1,0
HPN," 55,315 ",17,417.25,1,0,0,0,1,0,0,0
SFB," 52,979 ",17,121.75,1,0,0,0,0,0,1,0
PNS," 51,668 ",17,402.19,1,0,0,0,0,0,1,0
LIH," 50,998 ",17,266.77,1,0,0,0,0,0,0,1
FAT," 50,668 ",17,383.19,1,0,0,0,0,0,0,1
MHT," 50,192 ",17,378.30,1,0,0,0,1,0,0,0
ICT," 49,142 ",17,393.45,1,0,0,0,0,1,0,0
DAY," 46,771 ",17,434.94,1,0,0,0,0,1,0,0
XNA," 46,289 ",17,527.58,1,0,0,0,0,0,1,0
ISP," 46,103 ",17,266.83,1,0,0,0,1,0,0,0
PIE," 44,522 ",17,128.09,1,0,0,0,0,0,1,0
LAX," 1,401,452 ",18,366.59,0,1,0,0,0,0,0,1
ORD," 1,118,136 ",18,349.54,0,1,0,0,0,1,0,0
DEN," 1,035,031 ",18,302.35,0,1,0,0,0,0,0,1
ATL," 980,434 ",18,377.72,0,1,0,0,0,0,1,0
BOS," 935,978 ",18,348.44,0,1,0,0,1,0,0,0
SFO," 912,366 ",18,407.43,0,1,0,0,0,0,0,1
SEA," 902,901 ",18,342.65,0,1,0,0,0,0,0,1
EWR," 849,241 ",18,420.56,0,1,0,0,1,0,0,0
DFW," 819,377 ",18,411.18,0,1,0,0,0,0,1,0
JFK," 760,592 ",18,405.19,0,1,0,0,1,0,0,0
LGA," 720,310 ",18,337.39,0,1,0,0,1,0,0,0
MCO," 709,887 ",18,260.51,0,1,0,0,0,0,1,0
PHX," 701,600 ",18,361.97,0,1,0,0,0,0,0,1
MSP," 644,236 ",18,366.18,0,1,0,0,0,1,0,0
LAS," 631,585 ",18,251.31,0,1,0,0,0,0,0,1
PHL," 607,992 ",18,381.92,0,1,0,0,1,0,0,0
SAN," 568,746 ",18,336.89,0,1,0,0,0,0,0,1
DTW," 565,317 ",18,381.14,0,1,0,0,0,1,0,0
FLL," 536,275 ",18,266.55,0,1,0,0,0,0,1,0
BWI," 536,148 ",18,335.01,0,1,0,0,0,0,1,0
DCA," 516,863 ",18,384.20,0,1,0,0,0,0,1,0
IAH," 498,139 ",18,412.85,0,1,0,0,0,0,1,0
PDX," 481,330 ",18,344.34,0,1,0,0,0,0,0,1
TPA," 452,816 ",18,317.78,0,1,0,0,0,0,1,0
AUS," 412,378 ",18,348.12,0,1,0,0,0,0,1,0
SLC," 391,333 ",18,379.25,0,1,0,0,0,0,0,1
CLT," 386,574 ",18,428.22,0,1,0,0,0,0,1,0
SJC," 384,362 ",18,302.45,0,1,0,0,0,0,0,1
RDU," 364,230 ",18,343.35,0,1,0,0,0,0,1,0
MIA," 353,159 ",18,350.46,0,1,0,0,0,0,1,0
SMF," 353,135 ",18,351.05,0,1,0,0,0,0,0,1
BNA," 351,195 ",18,349.60,0,1,0,0,0,0,1,0
MDW," 339,365 ",18,317.30,0,1,0,0,0,1,0,0
OAK," 330,576 ",18,299.96,0,1,0,0,0,0,0,1
STL," 315,638 ",18,378.16,0,1,0,0,0,1,0,0
MCI," 299,998 ",18,369.42,0,1,0,0,0,1,0,0
HNL," 295,221 ",18,356.38,0,1,0,0,0,0,0,1
IAD," 283,462 ",18,465.94,0,1,0,0,0,0,1,0
DAL," 279,833 ",18,327.76,0,1,0,0,0,0,1,0
CLE," 275,412 ",18,318.54,0,1,0,0,0,1,0,0
MSY," 267,473 ",18,308.01,0,1,0,0,0,0,1,0
IND," 266,197 ",18,360.32,0,1,0,0,0,1,0,0
PIT," 264,483 ",18,360.13,0,1,0,0,1,0,0,0
SNA," 253,110 ",18,391.41,0,1,0,0,0,0,0,1
CVG," 250,926 ",18,326.25,0,1,0,0,0,1,0,0
SAT," 238,614 ",18,370.15,0,1,0,0,0,0,1,0
HOU," 235,116 ",18,349.03,0,1,0,0,0,0,1,0
CMH," 231,767 ",18,363.54,0,1,0,0,0,1,0,0
BDL," 206,307 ",18,385.68,0,1,0,0,1,0,0,0
SJU," 200,811 ",18,298.02,0,1,0,0,0,0,1,0
MKE," 196,915 ",18,349.86,0,1,0,0,0,1,0,0
RSW," 178,463 ",18,315.69,0,1,0,0,0,0,1,0
JAX," 172,463 ",18,351.34,0,1,0,0,0,0,1,0
BUR," 167,487 ",18,283.68,0,1,0,0,0,0,0,1
PBI," 158,587 ",18,343.87,0,1,0,0,0,0,1,0
ONT," 157,682 ",18,351.61,0,1,0,0,0,0,0,1
BUF," 144,958 ",18,321.63,0,1,0,0,1,0,0,0
OMA," 140,073 ",18,376.47,0,1,0,0,0,1,0,0
ABQ," 128,946 ",18,388.31,0,1,0,0,0,0,0,1
RIC," 126,251 ",18,410.01,0,1,0,0,0,0,1,0
MEM," 124,411 ",18,394.24,0,1,0,0,0,0,1,0
PVD," 117,256 ",18,349.87,0,1,0,0,1,0,0,0
OKC," 117,098 ",18,398.73,0,1,0,0,0,0,1,0
BOI," 112,882 ",18,361.76,0,1,0,0,0,0,0,1
ORF," 109,959 ",18,412.63,0,1,0,0,0,0,1,0
GRR," 108,277 ",18,382.83,0,1,0,0,0,1,0,0
SDF," 107,604 ",18,385.65,0,1,0,0,0,0,1,0
GEG," 107,090 ",18,363.36,0,1,0,0,0,0,0,1
CHS," 106,675 ",18,363.98,0,1,0,0,0,0,1,0
ANC," 106,205 ",18,439.40,0,1,0,0,0,0,0,1
RNO," 101,528 ",18,354.38,0,1,0,0,0,0,0,1
LGB," 99,852 ",18,232.38,0,1,0,0,0,0,0,1
OGG," 99,815 ",18,278.85,0,1,0,0,0,0,0,1
ELP," 97,152 ",18,388.91,0,1,0,0,0,0,1,0
TUS," 96,391 ",18,402.13,0,1,0,0,0,0,0,1
ALB," 89,018 ",18,391.96,0,1,0,0,1,0,0,0
DSM," 83,986 ",18,379.02,0,1,0,0,0,1,0,0
BHM," 83,344 ",18,452.97,0,1,0,0,0,0,1,0
TUL," 81,978 ",18,410.29,0,1,0,0,0,0,1,0
SYR," 77,477 ",18,364.40,0,1,0,0,1,0,0,0
ROC," 76,097 ",18,371.38,0,1,0,0,1,0,0,0
GSP," 68,771 ",18,411.04,0,1,0,0,0,0,1,0
MSN," 67,555 ",18,443.09,0,1,0,0,0,1,0,0
TYS," 65,985 ",18,408.08,0,1,0,0,0,0,1,0
LIT," 59,997 ",18,428.07,0,1,0,0,0,0,1,0
KOA," 58,932 ",18,274.52,0,1,0,0,0,0,0,1
PWM," 58,841 ",18,380.55,0,1,0,0,1,0,0,0
SAV," 58,711 ",18,372.75,0,1,0,0,0,0,1,0
GSO," 56,458 ",18,430.34,0,1,0,0,0,0,1,0
HPN," 55,315 ",18,407.98,0,1,0,0,1,0,0,0
SFB," 52,979 ",18,120.20,0,1,0,0,0,0,1,0
PNS," 51,668 ",18,422.23,0,1,0,0,0,0,1,0
LIH," 50,998 ",18,281.16,0,1,0,0,0,0,0,1
FAT," 50,668 ",18,424.39,0,1,0,0,0,0,0,1
MHT," 50,192 ",18,399.34,0,1,0,0,1,0,0,0
ICT," 49,142 ",18,399.69,0,1,0,0,0,1,0,0
DAY," 46,771 ",18,440.89,0,1,0,0,0,1,0,0
XNA," 46,289 ",18,495.45,0,1,0,0,0,0,1,0
ISP," 46,103 ",18,271.90,0,1,0,0,1,0,0,0
PIE," 44,522 ",18,125.88,0,1,0,0,0,0,1,0
LAX," 1,401,452 ",19,353.49,0,0,1,0,0,0,0,1
ORD," 1,118,136 ",19,335.26,0,0,1,0,0,1,0,0
DEN," 1,035,031 ",19,291.03,0,0,1,0,0,0,0,1
ATL," 980,434 ",19,364.05,0,0,1,0,0,0,1,0
BOS," 935,978 ",19,331.19,0,0,1,0,1,0,0,0
SFO," 912,366 ",19,383.92,0,0,1,0,0,0,0,1
SEA," 902,901 ",19,330.01,0,0,1,0,0,0,0,1
EWR," 849,241 ",19,396.70,0,0,1,0,1,0,0,0
DFW," 819,377 ",19,397.66,0,0,1,0,0,0,1,0
JFK," 760,592 ",19,396.71,0,0,1,0,1,0,0,0
LGA," 720,310 ",19,322.52,0,0,1,0,1,0,0,0
MCO," 709,887 ",19,243.85,0,0,1,0,0,0,1,0
PHX," 701,600 ",19,350.91,0,0,1,0,0,0,0,1
MSP," 644,236 ",19,347.57,0,0,1,0,0,1,0,0
LAS," 631,585 ",19,237.33,0,0,1,0,0,0,0,1
PHL," 607,992 ",19,356.15,0,0,1,0,1,0,0,0
SAN," 568,746 ",19,323.79,0,0,1,0,0,0,0,1
DTW," 565,317 ",19,362.03,0,0,1,0,0,1,0,0
FLL," 536,275 ",19,252.06,0,0,1,0,0,0,1,0
BWI," 536,148 ",19,322.76,0,0,1,0,0,0,1,0
DCA," 516,863 ",19,367.28,0,0,1,0,0,0,1,0
IAH," 498,139 ",19,395.68,0,0,1,0,0,0,1,0
PDX," 481,330 ",19,334.08,0,0,1,0,0,0,0,1
TPA," 452,816 ",19,308.64,0,0,1,0,0,0,1,0
AUS," 412,378 ",19,326.39,0,0,1,0,0,0,1,0
SLC," 391,333 ",19,368.58,0,0,1,0,0,0,0,1
CLT," 386,574 ",19,400.99,0,0,1,0,0,0,1,0
SJC," 384,362 ",19,298.03,0,0,1,0,0,0,0,1
RDU," 364,230 ",19,312.82,0,0,1,0,0,0,1,0
MIA," 353,159 ",19,332.53,0,0,1,0,0,0,1,0
SMF," 353,135 ",19,335.09,0,0,1,0,0,0,0,1
BNA," 351,195 ",19,332.77,0,0,1,0,0,0,1,0
MDW," 339,365 ",19,309.19,0,0,1,0,0,1,0,0
OAK," 330,576 ",19,298.98,0,0,1,0,0,0,0,1
STL," 315,638 ",19,367.82,0,0,1,0,0,1,0,0
MCI," 299,998 ",19,361.99,0,0,1,0,0,1,0,0
HNL," 295,221 ",19,335.36,0,0,1,0,0,0,0,1
IAD," 283,462 ",19,451.25,0,0,1,0,0,0,1,0
DAL," 279,833 ",19,325.98,0,0,1,0,0,0,1,0
CLE," 275,412 ",19,309.56,0,0,1,0,0,1,0,0
MSY," 267,473 ",19,285.33,0,0,1,0,0,0,1,0
IND," 266,197 ",19,362.08,0,0,1,0,0,1,0,0
PIT," 264,483 ",19,355.46,0,0,1,0,1,0,0,0
SNA," 253,110 ",19,388.16,0,0,1,0,0,0,0,1
CVG," 250,926 ",19,316.03,0,0,1,0,0,1,0,0
SAT," 238,614 ",19,354.67,0,0,1,0,0,0,1,0
HOU," 235,116 ",19,342.54,0,0,1,0,0,0,1,0
CMH," 231,767 ",19,360.51,0,0,1,0,0,1,0,0
BDL," 206,307 ",19,379.43,0,0,1,0,1,0,0,0
SJU," 200,811 ",19,278.06,0,0,1,0,0,0,1,0
MKE," 196,915 ",19,348.79,0,0,1,0,0,1,0,0
RSW," 178,463 ",19,315.30,0,0,1,0,0,0,1,0
JAX," 172,463 ",19,329.84,0,0,1,0,0,0,1,0
BUR," 167,487 ",19,282.01,0,0,1,0,0,0,0,1
PBI," 158,587 ",19,334.43,0,0,1,0,0,0,1,0
ONT," 157,682 ",19,337.62,0,0,1,0,0,0,0,1
BUF," 144,958 ",19,314.97,0,0,1,0,1,0,0,0
OMA," 140,073 ",19,373.06,0,0,1,0,0,1,0,0
ABQ," 128,946 ",19,365.06,0,0,1,0,0,0,0,1
RIC," 126,251 ",19,392.37,0,0,1,0,0,0,1,0
MEM," 124,411 ",19,390.59,0,0,1,0,0,0,1,0
PVD," 117,256 ",19,335.45,0,0,1,0,1,0,0,0
OKC," 117,098 ",19,391.78,0,0,1,0,0,0,1,0
BOI," 112,882 ",19,346.69,0,0,1,0,0,0,0,1
ORF," 109,959 ",19,395.69,0,0,1,0,0,0,1,0
GRR," 108,277 ",19,379.57,0,0,1,0,0,1,0,0
SDF," 107,604 ",19,379.34,0,0,1,0,0,0,1,0
GEG," 107,090 ",19,350.99,0,0,1,0,0,0,0,1
CHS," 106,675 ",19,338.77,0,0,1,0,0,0,1,0
ANC," 106,205 ",19,416.46,0,0,1,0,0,0,0,1
RNO," 101,528 ",19,352.20,0,0,1,0,0,0,0,1
LGB," 99,852 ",19,236.57,0,0,1,0,0,0,0,1
OGG," 99,815 ",19,261.81,0,0,1,0,0,0,0,1
ELP," 97,152 ",19,371.31,0,0,1,0,0,0,1,0
TUS," 96,391 ",19,398.28,0,0,1,0,0,0,0,1
ALB," 89,018 ",19,393.27,0,0,1,0,1,0,0,0
DSM," 83,986 ",19,388.64,0,0,1,0,0,1,0,0
BHM," 83,344 ",19,443.72,0,0,1,0,0,0,1,0
TUL," 81,978 ",19,403.70,0,0,1,0,0,0,1,0
SYR," 77,477 ",19,352.67,0,0,1,0,1,0,0,0
ROC," 76,097 ",19,369.41,0,0,1,0,1,0,0,0
GSP," 68,771 ",19,408.01,0,0,1,0,0,0,1,0
MSN," 67,555 ",19,442.24,0,0,1,0,0,1,0,0
TYS," 65,985 ",19,385.77,0,0,1,0,0,0,1,0
LIT," 59,997 ",19,420.83,0,0,1,0,0,0,1,0
KOA," 58,932 ",19,255.55,0,0,1,0,0,0,0,1
PWM," 58,841 ",19,376.32,0,0,1,0,1,0,0,0
SAV," 58,711 ",19,340.58,0,0,1,0,0,0,1,0
GSO," 56,458 ",19,409.19,0,0,1,0,0,0,1,0
HPN," 55,315 ",19,380.00,0,0,1,0,1,0,0,0
SFB," 52,979 ",19,122.46,0,0,1,0,0,0,1,0
PNS," 51,668 ",19,406.60,0,0,1,0,0,0,1,0
LIH," 50,998 ",19,282.80,0,0,1,0,0,0,0,1
FAT," 50,668 ",19,412.55,0,0,1,0,0,0,0,1
MHT," 50,192 ",19,394.97,0,0,1,0,1,0,0,0
ICT," 49,142 ",19,394.59,0,0,1,0,0,1,0,0
DAY," 46,771 ",19,447.44,0,0,1,0,0,1,0,0
XNA," 46,289 ",19,470.70,0,0,1,0,0,0,1,0
ISP," 46,103 ",19,251.16,0,0,1,0,1,0,0,0
PIE," 44,522 ",19,128.53,0,0,1,0,0,0,1,0
LAX," 1,401,452 ",20,373.75,0,0,0,1,0,0,0,1
ORD," 1,118,136 ",20,347.13,0,0,0,1,0,1,0,0
DEN," 1,035,031 ",20,311.27,0,0,0,1,0,0,0,1
ATL," 980,434 ",20,369.60,0,0,0,1,0,0,1,0
BOS," 935,978 ",20,346.16,0,0,0,1,1,0,0,0
SFO," 912,366 ",20,422.09,0,0,0,1,0,0,0,1
SEA," 902,901 ",20,351.60,0,0,0,1,0,0,0,1
EWR," 849,241 ",20,413.79,0,0,0,1,1,0,0,0
DFW," 819,377 ",20,403.17,0,0,0,1,0,0,1,0
JFK," 760,592 ",20,430.02,0,0,0,1,1,0,0,0
LGA," 720,310 ",20,355.81,0,0,0,1,1,0,0,0
MCO," 709,887 ",20,253.27,0,0,0,1,0,0,1,0
PHX," 701,600 ",20,347.63,0,0,0,1,0,0,0,1
MSP," 644,236 ",20,364.53,0,0,0,1,0,1,0,0
LAS," 631,585 ",20,242.39,0,0,0,1,0,0,0,1
PHL," 607,992 ",20,372.16,0,0,0,1,1,0,0,0
SAN," 568,746 ",20,339.29,0,0,0,1,0,0,0,1
DTW," 565,317 ",20,383.67,0,0,0,1,0,1,0,0
FLL," 536,275 ",20,251.32,0,0,0,1,0,0,1,0
BWI," 536,148 ",20,325.56,0,0,0,1,0,0,1,0
DCA," 516,863 ",20,378.74,0,0,0,1,0,0,1,0
IAH," 498,139 ",20,408.30,0,0,0,1,0,0,1,0
PDX," 481,330 ",20,349.78,0,0,0,1,0,0,0,1
TPA," 452,816 ",20,308.20,0,0,0,1,0,0,1,0
AUS," 412,378 ",20,346.63,0,0,0,1,0,0,1,0
SLC," 391,333 ",20,376.86,0,0,0,1,0,0,0,1
CLT," 386,574 ",20,398.01,0,0,0,1,0,0,1,0
SJC," 384,362 ",20,305.74,0,0,0,1,0,0,0,1
RDU," 364,230 ",20,331.78,0,0,0,1,0,0,1,0
MIA," 353,159 ",20,325.84,0,0,0,1,0,0,1,0
SMF," 353,135 ",20,338.94,0,0,0,1,0,0,0,1
BNA," 351,195 ",20,333.81,0,0,0,1,0,0,1,0
MDW," 339,365 ",20,308.86,0,0,0,1,0,1,0,0
OAK," 330,576 ",20,310.86,0,0,0,1,0,0,0,1
STL," 315,638 ",20,364.44,0,0,0,1,0,1,0,0
MCI," 299,998 ",20,373.64,0,0,0,1,0,1,0,0
HNL," 295,221 ",20,341.79,0,0,0,1,0,0,0,1
IAD," 283,462 ",20,467.58,0,0,0,1,0,0,1,0
DAL," 279,833 ",20,324.47,0,0,0,1,0,0,1,0
CLE," 275,412 ",20,322.74,0,0,0,1,0,1,0,0
MSY," 267,473 ",20,291.80,0,0,0,1,0,0,1,0
IND," 266,197 ",20,364.98,0,0,0,1,0,1,0,0
PIT," 264,483 ",20,361.63,0,0,0,1,1,0,0,0
SNA," 253,110 ",20,403.39,0,0,0,1,0,0,0,1
CVG," 250,926 ",20,337.45,0,0,0,1,0,1,0,0
SAT," 238,614 ",20,365.62,0,0,0,1,0,0,1,0
HOU," 235,116 ",20,338.22,0,0,0,1,0,0,1,0
CMH," 231,767 ",20,362.88,0,0,0,1,0,1,0,0
BDL," 206,307 ",20,387.52,0,0,0,1,1,0,0,0
SJU," 200,811 ",20,270.04,0,0,0,1,0,0,1,0
MKE," 196,915 ",20,354.97,0,0,0,1,0,1,0,0
RSW," 178,463 ",20,317.17,0,0,0,1,0,0,1,0
JAX," 172,463 ",20,346.51,0,0,0,1,0,0,1,0
BUR," 167,487 ",20,290.54,0,0,0,1,0,0,0,1
PBI," 158,587 ",20,336.24,0,0,0,1,0,0,1,0
ONT," 157,682 ",20,334.27,0,0,0,1,0,0,0,1
BUF," 144,958 ",20,325.69,0,0,0,1,1,0,0,0
OMA," 140,073 ",20,381.57,0,0,0,1,0,1,0,0
ABQ," 128,946 ",20,370.92,0,0,0,1,0,0,0,1
RIC," 126,251 ",20,394.26,0,0,0,1,0,0,1,0
MEM," 124,411 ",20,382.32,0,0,0,1,0,0,1,0
PVD," 117,256 ",20,339.13,0,0,0,1,1,0,0,0
OKC," 117,098 ",20,392.91,0,0,0,1,0,0,1,0
BOI," 112,882 ",20,355.47,0,0,0,1,0,0,0,1
ORF," 109,959 ",20,410.88,0,0,0,1,0,0,1,0
GRR," 108,277 ",20,371.33,0,0,0,1,0,1,0,0
SDF," 107,604 ",20,380.28,0,0,0,1,0,0,1,0
GEG," 107,090 ",20,354.12,0,0,0,1,0,0,0,1
CHS," 106,675 ",20,356.03,0,0,0,1,0,0,1,0
ANC," 106,205 ",20,496.87,0,0,0,1,0,0,0,1
RNO," 101,528 ",20,344.31,0,0,0,1,0,0,0,1
LGB," 99,852 ",20,243.18,0,0,0,1,0,0,0,1
OGG," 99,815 ",20,259.74,0,0,0,1,0,0,0,1
ELP," 97,152 ",20,374.36,0,0,0,1,0,0,1,0
TUS," 96,391 ",20,392.64,0,0,0,1,0,0,0,1
ALB," 89,018 ",20,394.17,0,0,0,1,1,0,0,0
DSM," 83,986 ",20,394.54,0,0,0,1,0,1,0,0
BHM," 83,344 ",20,446.43,0,0,0,1,0,0,1,0
TUL," 81,978 ",20,409.44,0,0,0,1,0,0,1,0
SYR," 77,477 ",20,366.09,0,0,0,1,1,0,0,0
ROC," 76,097 ",20,375.27,0,0,0,1,1,0,0,0
GSP," 68,771 ",20,397.63,0,0,0,1,0,0,1,0
MSN," 67,555 ",20,459.38,0,0,0,1,0,1,0,0
TYS," 65,985 ",20,406.36,0,0,0,1,0,0,1,0
LIT," 59,997 ",20,415.90,0,0,0,1,0,0,1,0
KOA," 58,932 ",20,259.93,0,0,0,1,0,0,0,1
PWM," 58,841 ",20,370.31,0,0,0,1,1,0,0,0
SAV," 58,711 ",20,370.11,0,0,0,1,0,0,1,0
GSO," 56,458 ",20,416.41,0,0,0,1,0,0,1,0
HPN," 55,315 ",20,426.89,0,0,0,1,1,0,0,0
SFB," 52,979 ",20,131.73,0,0,0,1,0,0,1,0
PNS," 51,668 ",20,424.85,0,0,0,1,0,0,1,0
LIH," 50,998 ",20,257.61,0,0,0,1,0,0,0,1
FAT," 50,668 ",20,407.13,0,0,0,1,0,0,0,1
MHT," 50,192 ",20,391.33,0,0,0,1,1,0,0,0
ICT," 49,142 ",20,397.77,0,0,0,1,0,1,0,0
DAY," 46,771 ",20,442.43,0,0,0,1,0,1,0,0
XNA," 46,289 ",20,471.47,0,0,0,1,0,0,1,0
ISP," 46,103 ",20,267.68,0,0,0,1,1,0,0,0
PIE," 44,522 ",20,135.29,0,0,0,1,0,0,1,0